mkdir: cannot create directory ‘/build-target’: Permission denied
[2026-10-06 11:58:32] Cloning https://github.com/varigit/uboot-imx.git → /home/ellenhsiao/build-target/uboot-imx
Cloning into '/home/ellenhsiao/build-target/uboot-imx'...
error: RPC failed; curl 56 GnuTLS recv error (-54): Error in the pull function.
error: 2523 bytes of body are still expected
fetch-pack: unexpected disconnect while reading sideband packet
fatal: early EOF
fatal: fetch-pack: invalid index-pack output
[2026-10-06 12:10:29] Cloning https://github.com/varigit/uboot-imx.git → /home/ellenhsiao/build-target/uboot-imx
Cloning into '/home/ellenhsiao/build-target/uboot-imx'...
  HOSTCC  scripts/basic/fixdep
  HOSTCC  scripts/kconfig/conf.o
  YACC    scripts/kconfig/zconf.tab.c
  LEX     scripts/kconfig/zconf.lex.c
  HOSTCC  scripts/kconfig/zconf.tab.o
  HOSTLD  scripts/kconfig/conf
#
# configuration written to .config
#
scripts/kconfig/conf  --syncconfig Kconfig
  UPD     include/config.h
  CFG     u-boot.cfg
  GEN     include/autoconf.mk.dep
  CFG     spl/u-boot.cfg
  GEN     include/autoconf.mk
  GEN     spl/include/autoconf.mk
  UPD     include/generated/dt.h
  ENVC    include/generated/env.txt
  UPD     include/generated/timestamp_autogenerated.h
  ENVP    include/generated/env.in
  ENVT    include/generated/environment.h
  HOSTCC  scripts/dtc/dtc.o
  HOSTCC  scripts/dtc/flattree.o
  HOSTCC  scripts/dtc/fstree.o
  HOSTCC  scripts/dtc/data.o
  HOSTCC  scripts/dtc/livetree.o
  HOSTCC  scripts/dtc/treesource.o
  HOSTCC  scripts/dtc/srcpos.o
  HOSTCC  scripts/dtc/checks.o
  HOSTCC  scripts/dtc/util.o
  LEX     scripts/dtc/dtc-lexer.lex.c
  YACC    scripts/dtc/dtc-parser.tab.h
  YACC    scripts/dtc/dtc-parser.tab.c
  HOSTCC  scripts/dtc/dtc-lexer.lex.o
  HOSTCC  scripts/dtc/dtc-parser.tab.o
  HOSTLD  scripts/dtc/dtc
  UPD     include/config/uboot.release
  UPD     include/generated/version_autogenerated.h
  CC      lib/asm-offsets.s
  CC      arch/arm/lib/asm-offsets.s
  UPD     include/generated/asm-offsets.h
  UPD     include/generated/generic-asm-offsets.h
  HOSTCC  tools/gen_eth_addr
  HOSTCC  tools/gen_ethaddr_crc.o
  WRAP    tools/lib/crc8.c
  HOSTCC  tools/img2srec
  LDS     u-boot.lds
  HOSTCC  tools/mkenvimage.o
  HOSTCC  tools/os_support.o
  WRAP    tools/lib/crc32.c
  HOSTCC  tools/aisimage.o
  HOSTCC  tools/atmelimage.o
  HOSTCC  tools/fit_common.o
  HOSTCC  tools/fit_image.o
  HOSTCC  tools/image-host.o
  WRAP    tools/boot/image-fit.c
  HOSTCC  tools/image-sig-host.o
  WRAP    tools/boot/image-fit-sig.c
  WRAP    tools/boot/image-cipher.c
  WRAP    tools/boot/fdt_region.c
  WRAP    tools/boot/bootm.c
  LDS     u-boot-elf.lds
  HOSTCC  tools/lib/crc32.o
  WRAP    tools/lib/fdtdec_common.c
  HOSTCC  tools/default_image.o
  WRAP    tools/lib/fdtdec.c
  WRAP    tools/boot/image.c
  WRAP    tools/boot/image-host.c
  HOSTCC  tools/imagetool.o
  HOSTCC  tools/imximage.o
  HOSTCC  tools/imx8image.o
  HOSTCC  tools/imx8mimage.o
  HOSTCC  tools/kwbimage.o
  WRAP    tools/lib/md5.c
  HOSTCC  tools/lpc32xximage.o
  HOSTCC  tools/mxsimage.o
  HOSTCC  tools/omapimage.o
  HOSTCC  tools/pblimage.o
  HOSTCC  tools/pbl_crc32.o
  HOSTCC  tools/vybridimage.o
  HOSTCC  tools/stm32image.o
  WRAP    tools/lib/rc4.c
  HOSTCC  tools/rkcommon.o
  HOSTCC  tools/rkimage.o
  HOSTCC  tools/rksd.o
  HOSTCC  tools/rkspi.o
  HOSTCC  tools/socfpgaimage.o
  HOSTCC  tools/sunxi_egon.o
  WRAP    tools/lib/crc16-ccitt.c
  WRAP    tools/lib/hash-checksum.c
  WRAP    tools/lib/sha1.c
  WRAP    tools/lib/sha256.c
  WRAP    tools/lib/sha512.c
  WRAP    tools/common/hash.c
  HOSTCC  tools/ublimage.o
  HOSTCC  tools/zynqimage.o
  HOSTCC  tools/zynqmpimage.o
  HOSTCC  tools/zynqmpbif.o
  WRAP    tools/lib/fdt-libcrypto.c
  HOSTCC  tools/sunxi_toc0.o
  HOSTCC  tools/libfdt/fdt.o
  HOSTCC  tools/libfdt/fdt_ro.o
  HOSTCC  tools/libfdt/fdt_wip.o
  HOSTCC  tools/libfdt/fdt_rw.o
  HOSTCC  tools/libfdt/fdt_sw.o
  HOSTCC  tools/libfdt/fdt_strerror.o
  HOSTCC  tools/libfdt/fdt_empty_tree.o
  HOSTCC  tools/libfdt/fdt_addresses.o
  HOSTCC  tools/libfdt/fdt_overlay.o
  HOSTCC  tools/gpimage.o
  HOSTCC  tools/gpimage-common.o
  HOSTCC  tools/mtk_image.o
  HOSTCC  tools/mtk_nand_headers.o
  WRAP    tools/lib/ecdsa/ecdsa-libcrypto.c
  WRAP    tools/lib/rsa/rsa-sign.c
  WRAP    tools/lib/rsa/rsa-verify.c
  WRAP    tools/lib/rsa/rsa-mod-exp.c
  WRAP    tools/lib/aes/aes-encrypt.c
  WRAP    tools/lib/aes/aes-decrypt.c
  HOSTCC  tools/dumpimage.o
  HOSTCC  tools/boot/image-fit.o
  HOSTCC  tools/boot/image-fit-sig.o
  HOSTCC  tools/boot/image-cipher.o
  HOSTCC  tools/boot/fdt_region.o
  HOSTCC  tools/boot/bootm.o
  HOSTCC  tools/lib/fdtdec_common.o
  HOSTCC  tools/lib/fdtdec.o
  HOSTCC  tools/boot/image.o
  HOSTCC  tools/boot/image-host.o
  HOSTCC  tools/lib/md5.o
  HOSTCC  tools/lib/rc4.o
  HOSTCC  tools/lib/crc16-ccitt.o
  HOSTCC  tools/lib/hash-checksum.o
  HOSTCC  tools/lib/sha1.o
  HOSTCC  tools/lib/sha256.o
  HOSTCC  tools/lib/sha512.o
  HOSTCC  tools/common/hash.o
  HOSTCC  tools/lib/fdt-libcrypto.o
  HOSTCC  tools/lib/ecdsa/ecdsa-libcrypto.o
  HOSTCC  tools/lib/rsa/rsa-sign.o
  HOSTCC  tools/lib/rsa/rsa-verify.o
  HOSTCC  tools/lib/rsa/rsa-mod-exp.o
  HOSTCC  tools/lib/aes/aes-encrypt.o
  HOSTCC  tools/lib/aes/aes-decrypt.o
  HOSTCC  tools/mkimage.o
  HOSTCC  tools/fit_info.o
  HOSTCC  tools/fit_check_sign.o
  HOSTCC  tools/proftool.o
  WRAP    tools/lib/abuf.c
  HOSTCC  tools/relocate-rela
  HOSTCC  tools/fdtgrep.o
  HOSTCC  tools/spl_size_limit
  HOSTCC  tools/mkeficapsule
  HOSTCC  tools/lib/crc8.o
  HOSTLD  tools/mkenvimage
  HOSTCC  tools/lib/abuf.o
  HOSTLD  tools/gen_ethaddr_crc
  HOSTLD  tools/dumpimage
  HOSTLD  tools/mkimage
  HOSTLD  tools/fit_info
  HOSTLD  tools/fit_check_sign
  HOSTLD  tools/fdtgrep
  HOSTLD  tools/proftool
  AR      arch/arm/cpu/built-in.o
  CC      arch/arm/cpu/armv8/cpu.o
  CC      arch/arm/cpu/armv8/generic_timer.o
  CC      arch/arm/cpu/armv8/cache_v8.o
  AS      arch/arm/cpu/armv8/cache.o
  AS      arch/arm/lib/crt0_64.o
  AS      arch/arm/cpu/armv8/exceptions.o
  AS      arch/arm/lib/setjmp_aarch64.o
  AS      arch/arm/lib/relocate_64.o
  CC      arch/arm/cpu/armv8/exception_level.o
  CC      board/variscite/imx8mp_var_dart/imx8mp_var_dart.o
  CC      boot/bootm.o
  AS      arch/arm/mach-imx/imx8m/lowlevel_init.o
  CC      board/variscite/imx8mp_var_dart/../common/imx8_eeprom.o
  CC      arch/arm/lib/bootm-fdt.o
  CC      arch/arm/mach-imx/iomux-v3.o
  CC      arch/arm/mach-imx/imx_bootaux.o
  CC      arch/arm/mach-imx/imx8m/clock_slice.o
  CC      board/variscite/imx8mp_var_dart/../common/mmc.o
  AS      arch/arm/cpu/armv8/tlb.o
  CC      arch/arm/lib/bootm.o
  AS      arch/arm/cpu/armv8/transition.o
  CC      arch/arm/lib/image.o
  CC      arch/arm/lib/bdinfo.o
  CC      arch/arm/mach-imx/mmc_env.o
  AR      cmd/arm/built-in.o
  CC      cmd/boot.o
  CC      boot/bootm_os.o
  CC      board/variscite/imx8mp_var_dart/../common/eth.o
  CC      arch/arm/mach-imx/imx8m/soc.o
  CC      arch/arm/mach-imx/mac.o
  CC      cmd/bootm.o
  CC      arch/arm/mach-imx/imx8m/clock_imx8mm.o
  CC      arch/arm/mach-imx/i2c-mxv7.o
  CC      arch/arm/mach-imx/cpu.o
  CC      arch/arm/lib/sections.o
  CC      arch/arm/cpu/armv8/fwcall.o
  CC      arch/arm/mach-imx/misc.o
  CC      arch/arm/lib/stack.o
  CC      board/variscite/imx8mp_var_dart/../common/extcon-ptn5150.o
  CC      boot/pxe_utils.o
  CC      board/variscite/imx8mp_var_dart/../common/imx8_dram.o
  CC      arch/arm/cpu/armv8/cpu-dt.o
  CC      boot/image.o
  CC      arch/arm/mach-imx/dt_optee.o
  CC      arch/arm/lib/interrupts_64.o
  CC      cmd/help.o
  AS      arch/arm/cpu/armv8/smccc-call.o
  CC      arch/arm/mach-imx/spl_imx_romapi.o
  CC      arch/arm/mach-imx/romapi.o
  CC      arch/arm/cpu/armv8/sha1_ce_glue.o
  AR      board/variscite/imx8mp_var_dart/built-in.o
  AS      arch/arm/cpu/armv8/sha1_ce_core.o
  CC      cmd/panic.o
  CC      common/init/board_init.o
  CC      cmd/version.o
  CC      common/main.o
  CC      arch/arm/cpu/armv8/sha256_ce_glue.o
  CC      cmd/blk_common.o
  CC      arch/arm/lib/cache.o
  CC      arch/arm/lib/psci-dt.o
  CC      cmd/bootflow.o
  CC      boot/image-board.o
  AS      arch/arm/cpu/armv8/sha256_ce_core.o
  AR      common/init/built-in.o
  CC      disk/part.o
  AS      arch/arm/cpu/armv8/start.o
  CC      cmd/source.o
  CC      boot/image-android.o
  AR      arch/arm/lib/lib.a
  AS      arch/arm/lib/crt0_aarch64_efi.o
  AR      arch/arm/mach-imx/imx8m/built-in.o
  CC      arch/arm/lib/reloc_aarch64_efi.o
  AR      arch/arm/cpu/armv8/built-in.o
  AR      arch/arm/mach-imx/built-in.o
  CC      boot/image-android-dt.o
  CC      common/exports.o
  CC      boot/bootdev-uclass.o
  CC      common/cli_hush.o
  AR      arch/arm/lib/built-in.o
  AR      drivers/adc/built-in.o
  AR      drivers/ata/built-in.o
  AR      drivers/axi/built-in.o
  CC      drivers/block/blk-uclass.o
  AR      drivers/bus/built-in.o
  CC      cmd/bdinfo.o
  CC      drivers/block/blkcache.o
  CC      boot/bootflow.o
  CC      disk/disk-uclass.o
  CC      common/autoboot.o
  CC      boot/bootmeth-uclass.o
  CC      disk/part_dos.o
  CC      common/board_f.o
  CC      cmd/blkcache.o
  CC      cmd/bootefi.o
  CC      disk/part_iso.o
  CC      boot/bootstd-uclass.o
  CC      common/board_r.o
  CC      cmd/booti.o
  CC      boot/bootmeth_distro.o
  CC      disk/part_efi.o
  CC      common/board_info.o
  AR      drivers/block/built-in.o
  AR      drivers/cache/built-in.o
  CC      boot/bootmeth_pxe.o
  CC      boot/bootmeth_efi.o
  AR      drivers/clk/analogbits/built-in.o
  CC      drivers/clk/imx/clk-gate2.o
  CC      boot/image-fdt.o
  AR      drivers/clk/tegra/built-in.o
  CC      cmd/cache.o
  CC      common/fdt_support.o
  CC      cmd/clk.o
  CC      common/miiphyutil.o
  CC      boot/fdt_region.o
  CC      cmd/console.o
  CC      cmd/date.o
  CC      drivers/clk/imx/clk-pllv3.o
  CC      cmd/dm.o
  CC      drivers/clk/imx/clk-pfd.o
  CC      boot/image-fit.o
  CC      boot/image-sig.o
  CC      cmd/echo.o
  CC      cmd/efidebug.o
  CC      boot/image-fit-sig.o
  CC      cmd/eficonfig.o
  CC      drivers/clk/imx/clk-imx8mp.o
  CC      common/usb.o
  CC      cmd/elf.o
  CC      drivers/clk/imx/clk-pll14xx.o
  CC      common/usb_hub.o
  CC      common/usb_storage.o
  AR      disk/built-in.o
  AR      drivers/usb/cdns3/built-in.o
  CC      drivers/usb/common/common.o
  CC      cmd/exit.o
  CC      drivers/core/device.o
  CC      drivers/clk/imx/clk-composite-8m.o
  CC      cmd/ext4.o
  AR      drivers/usb/common/built-in.o
  CC      common/iomux.o
  CC      drivers/usb/dwc3/core.o
  CC      cmd/ext2.o
  CC      cmd/fat.o
  CC      drivers/dfu/dfu.o
  AR      drivers/crypto/aspeed/built-in.o
  CC      drivers/crypto/fsl/sec.o
  CC      drivers/dfu/dfu_mmc.o
  CC      drivers/dfu/dfu_ram.o
  AR      drivers/clk/imx/built-in.o
  CC      drivers/dfu/dfu_alt.o
  AR      drivers/crypto/hash/built-in.o
  AR      drivers/clk/ti/built-in.o
  CC      drivers/clk/clk-uclass.o
  CC      drivers/crypto/fsl/jr.o
  CC      common/splash.o
  CC      boot/vbe.o
  CC      drivers/clk/clk_fixed_rate.o
  CC      common/menu.o
  CC      common/update.o
  CC      common/cli_getch.o
  CC      boot/vbe_request.o
  CC      common/cli_readline.o
  CC      drivers/core/fdtaddr.o
  CC      common/cli_simple.o
  CC      common/dlmalloc.o
  CC      common/console.o
  CC      cmd/fdt.o
  AR      drivers/dfu/built-in.o
  CC      drivers/clk/clk_fixed_factor.o
  CC      drivers/crypto/fsl/fsl_hash.o
  CC      drivers/core/lists.o
  CC      boot/vbe_simple.o
  CC      drivers/clk/clk.o
  CC      drivers/usb/dwc3/gadget.o
  CC      boot/vbe_simple_os.o
  CC      drivers/core/root.o
  CC      common/malloc_simple.o
  CC      drivers/clk/clk-divider.o
  CC      drivers/crypto/fsl/jobdesc.o
  CC      drivers/clk/clk-mux.o
  CC      drivers/clk/clk-gate.o
  CC      drivers/fastboot/fb_fsl/fb_fsl_dev.o
  AR      boot/built-in.o
  CC      drivers/core/uclass.o
  CC      common/event.o
  CC      common/hash.o
  CC      drivers/core/util.o
  CC      drivers/clk/clk-fixed-factor.o
  CC      common/memsize.o
  CC      drivers/usb/dwc3/ep0.o
  CC      drivers/clk/clk-composite.o
  CC      common/stdio.o
  CC      drivers/crypto/fsl/error.o
  CC      common/cli.o
  CC      cmd/fs.o
  AR      drivers/crypto/nuvoton/built-in.o
  CC      common/dfu.o
  CC      drivers/crypto/rsa_mod_exp/mod_exp_uclass.o
  CC      drivers/fastboot/fb_fsl/fb_fsl_boot.o
  CC      common/command.o
  CC      drivers/crypto/fsl/fsl_blob.o
  CC      cmd/fuse.o
  AR      drivers/clk/built-in.o
  CC      common/s_record.o
  CC      drivers/crypto/fsl/fsl_rsa.o
  CC      drivers/core/tag.o
  CC      drivers/fastboot/fb_common.o
  AR      drivers/crypto/rsa_mod_exp/built-in.o
  CC      common/xyzModem.o
  CC      drivers/core/device-remove.o
  CC      drivers/core/simple-bus.o
  CC      cmd/gettime.o
  CC      drivers/core/dump.o
  CC      drivers/fastboot/fb_fsl/fb_fsl_command.o
  AR      drivers/crypto/fsl/built-in.o
  CC      drivers/fastboot/fb_fsl/fb_fsl_common.o
  AR      drivers/crypto/built-in.o
  CC      cmd/gpio.o
  CC      drivers/firmware/firmware-uclass.o
  CC      drivers/gpio/gpio-uclass.o
  CC      drivers/core/regmap.o
  AR      drivers/usb/emul/built-in.o
  AR      drivers/usb/eth/built-in.o
  CC      drivers/fastboot/fb_fsl/fb_fsl_getvar.o
  CC      drivers/usb/gadget/epautoconf.o
  AR      common/built-in.o
  CC      drivers/i2c/i2c-uclass.o
  CC      drivers/firmware/psci.o
  CC      drivers/usb/gadget/udc/udc-core.o
  CC      drivers/i2c/mxc_i2c.o
  AR      drivers/usb/dwc3/dwc3.o
  CC      cmd/i2c.o
  AR      drivers/usb/dwc3/built-in.o
  CC      cmd/hash.o
  CC      drivers/usb/host/usb-uclass.o
  CC      drivers/core/syscon-uclass.o
  CC      drivers/core/of_extra.o
  CC      cmd/itest.o
  CC      drivers/usb/gadget/config.o
  AR      drivers/firmware/built-in.o
  CC      drivers/core/ofnode.o
  CC      drivers/fastboot/fb_fsl/fb_fsl_partitions.o
  CC      drivers/usb/gadget/udc/udc-uclass.o
  CC      cmd/led.o
  CC      drivers/input/key_matrix.o
  CC      drivers/usb/host/usb_bootdev.o
  CC      drivers/usb/gadget/usbstring.o
  AR      drivers/i2c/built-in.o
  CC      drivers/usb/host/xhci.o
  AR      drivers/iommu/built-in.o
  AR      drivers/usb/gadget/udc/built-in.o
  CC      drivers/led/led-uclass.o
  CC      drivers/gpio/pca953x_gpio.o
  AR      drivers/usb/imx/built-in.o
  AR      drivers/usb/isp1760/built-in.o
  CC      drivers/core/read_extra.o
  AR      drivers/usb/mtu3/built-in.o
  CC      cmd/load.o
  CC      drivers/usb/host/xhci-mem.o
  CC      cmd/mem.o
  AR      drivers/input/built-in.o
  CC      drivers/led/led_gpio.o
  CC      drivers/usb/gadget/g_dnl.o
  CC      drivers/usb/gadget/f_dfu.o
  CC      drivers/usb/gadget/f_mass_storage.o
  AR      drivers/fastboot/fb_fsl/built-in.o
  AR      drivers/fastboot/built-in.o
  AR      drivers/usb/musb-new/built-in.o
  CC      drivers/usb/gadget/f_fastboot.o
  CC      cmd/mii.o
  AR      drivers/led/built-in.o
  AR      drivers/mailbox/built-in.o
  AR      drivers/memory/built-in.o
  CC      drivers/gpio/mxc_gpio.o
  AR      drivers/mfd/built-in.o
  CC      drivers/misc/misc-uclass.o
  CC      cmd/mdio.o
  AR      drivers/core/built-in.o
  CC      drivers/mmc/mmc.o
  CC      drivers/misc/mxc_ocotp.o
  CC      cmd/sleep.o
  CC      cmd/mmc.o
  AR      drivers/gpio/built-in.o
  CC      drivers/mmc/mmc-uclass.o
  CC      drivers/usb/host/xhci-ring.o
  CC      cmd/net.o
  CC      cmd/nvedit_efi.o
  CC      cmd/part.o
  CC      cmd/pinmux.o
  AR      drivers/misc/built-in.o
  CC      drivers/mmc/mmc_bootdev.o
  AR      drivers/mtd/nand/built-in.o
  AR      drivers/mtd/onenand/built-in.o
  AR      drivers/mtd/spi/built-in.o
  AR      drivers/mtd/built-in.o
  AR      drivers/usb/musb/built-in.o
  CC      cmd/pxe.o
  CC      cmd/read.o
  CC      drivers/mmc/mmc_write.o
  CC      drivers/usb/host/xhci-dwc3.o
  CC      cmd/rtc.o
  CC      drivers/mmc/mmc_boot.o
  CC      cmd/setexpr.o
  CC      cmd/sysboot.o
  CC      cmd/time.o
  CC      drivers/mmc/fsl_esdhc_imx.o
  AR      drivers/net/mscc_eswitch/built-in.o
  CC      drivers/net/phy/phy.o
  CC      cmd/timer.o
  AR      drivers/net/qe/built-in.o
  CC      drivers/usb/host/xhci-imx8m.o
  AR      drivers/usb/phy/built-in.o
  CC      cmd/test.o
  AR      drivers/usb/ulpi/built-in.o
  CC      drivers/mmc/rpmb.o
  CC      env/common.o
  CC      env/env.o
  AR      drivers/net/ti/built-in.o
  AR      drivers/phy/allwinner/built-in.o
  CC      drivers/net/eth-phy-uclass.o
  CC      drivers/net/phy/adin.o
  AR      drivers/usb/gadget/built-in.o
  AR      drivers/phy/cadence/built-in.o
  CC      env/attr.o
  AR      drivers/phy/marvell/built-in.o
  AR      drivers/phy/qcom/built-in.o
  AR      drivers/phy/rockchip/built-in.o
  CC      cmd/unlz4.o
  AR      drivers/phy/socionext/built-in.o
  AR      drivers/phy/ti/built-in.o
  CC      drivers/phy/phy-uclass.o
  AR      drivers/usb/host/built-in.o
  CC      fs/ext4/ext4fs.o
  CC      env/flags.o
  CC      env/callback.o
  CC      cmd/unzip.o
  CC      drivers/net/dwc_eth_qos.o
  CC      fs/fat/fat_write.o
  CC      drivers/net/dwc_eth_qos_imx.o
  CC      drivers/net/fec_mxc.o
  CC      fs/fs.o
  CC      cmd/lzmadec.o
  CC      fs/fs_internal.o
  CC      fs/ext4/ext4_common.o
  CC      drivers/net/phy/atheros.o
  CC      env/nowhere.o
  AR      drivers/mmc/built-in.o
  CC      cmd/usb.o
  AR      drivers/pinctrl/broadcom/built-in.o
  CC      cmd/disk.o
  CC      drivers/phy/phy-imx8mq-usb.o
  CC      drivers/pinctrl/nxp/pinctrl-imx.o
  AR      drivers/power/pmic/built-in.o
  CC      env/mmc.o
  CC      drivers/power/regulator/regulator-uclass.o
  CC      drivers/net/phy/mxl-8611x.o
  CC      drivers/pinctrl/nxp/pinctrl-imx8m.o
  AR      drivers/phy/built-in.o
  AR      drivers/pwm/built-in.o
  AR      drivers/reset/built-in.o
  AR      env/built-in.o
  CC      drivers/pinctrl/pinctrl-uclass.o
  CC      drivers/rtc/rtc-uclass.o
  CC      drivers/rtc/emul_rtc.o
  CC      cmd/fastboot.o
  AR      drivers/scsi/built-in.o
  CC      drivers/serial/serial-uclass.o
  AR      drivers/pinctrl/nxp/built-in.o
  CC      drivers/pinctrl/pinctrl-generic.o
  CC      lib/bzip2/bzlib.o
  AR      drivers/net/phy/built-in.o
  AR      drivers/net/built-in.o
  CC      drivers/serial/serial_mxc.o
  CC      drivers/power/regulator/regulator_common.o
  CC      net/arp.o
  CC      fs/ext4/dev.o
  AR      drivers/rtc/built-in.o
  CC      cmd/usb_mass_storage.o
  CC      net/bootp.o
  CC      net/eth-uclass.o
  CC      net/eth_bootdev.o
  CC      drivers/power/regulator/fixed.o
  CC      drivers/power/regulator/gpio-regulator.o
  CC      net/eth_common.o
  AR      drivers/pinctrl/built-in.o
  AR      drivers/serial/built-in.o
  AR      drivers/smem/built-in.o
  CC      lib/bzip2/bzlib_crctable.o
  AR      drivers/soc/built-in.o
  AR      drivers/sound/built-in.o
  AR      drivers/spmi/built-in.o
  CC      lib/bzip2/bzlib_decompress.o
  CC      drivers/sysreset/sysreset-uclass.o
  AR      lib/crypto/built-in.o
  AR      drivers/power/regulator/built-in.o
  CC      cmd/ximg.o
  CC      lib/efi_loader/efi_bootmgr.o
  AR      drivers/power/built-in.o
  CC      lib/efi_driver/efi_uclass.o
  CC      cmd/dfu.o
  CC      drivers/tee/broadcom/chimp_optee.o
  CC      drivers/tee/optee/core.o
  CC      cmd/gpt.o
  CC      fs/ext4/ext4_write.o
  CC      net/net.o
  CC      drivers/sysreset/sysreset_psci.o
  AR      drivers/tee/broadcom/built-in.o
  CC      cmd/regulator.o
  CC      drivers/tee/tee-uclass.o
  AR      fs/fat/built-in.o
  CC      net/nfs.o
  CC      lib/efi_loader/efi_boottime.o
  CC      cmd/nvedit.o
  CC      lib/efi_driver/efi_block_device.o
  AR      drivers/sysreset/built-in.o
  CC      drivers/thermal/thermal-uclass.o
  AR      drivers/ufs/built-in.o
  CC      drivers/thermal/imx_tmu.o
  AR      drivers/video/bridge/built-in.o
  AR      lib/efi_driver/built-in.o
  CC      drivers/tee/optee/supplicant.o
  CC      lib/libfdt/fdt.o
  AR      drivers/video/nxp/imx/hdmi/built-in.o
  CC      lib/libfdt/fdt_ro.o
  AR      drivers/video/nxp/imx/built-in.o
  AR      drivers/video/nxp/layerscape/built-in.o
  AR      drivers/video/nxp/built-in.o
  AR      drivers/video/ti/built-in.o
  AR      drivers/video/sunxi/built-in.o
  CC      lib/libfdt/fdt_wip.o
  AR      drivers/video/built-in.o
  AR      drivers/watchdog/built-in.o
  CC      lib/libfdt/fdt_strerror.o
  CC      drivers/tee/optee/i2c.o
  AR      cmd/built-in.o
  CC      lib/efi_loader/efi_helper.o
  CC      net/ping.o
  CC      net/sntp.o
  CC      lib/libfdt/fdt_sw.o
  CC      fs/ext4/ext4_journal.o
  CC      lib/libfdt/fdt_rw.o
  AR      drivers/thermal/built-in.o
  CC      drivers/tee/optee/rpmb.o
  CC      lib/efi_loader/efi_capsule.o
  CC      lib/libfdt/fdt_empty_tree.o
  CC      net/tftp.o
  CC      lib/lzma/LzmaDec.o
  CC      net/fastboot.o
  CC      lib/efi_loader/efi_firmware.o
  AR      drivers/tee/optee/built-in.o
  AR      drivers/tee/built-in.o
  CC      lib/libfdt/fdt_addresses.o
  CC      lib/bzip2/bzlib_randtable.o
  AR      drivers/built-in.o
  CC      net/udp.o
  CC      lib/libfdt/fdt_overlay.o
  CC      lib/bzip2/bzlib_huffman.o
  CC      lib/efi_loader/efi_console.o
  CC      lib/lzo/lzo1x_decompress.o
  AR      fs/ext4/built-in.o
  CC      lib/rsa/rsa-verify.o
  AR      fs/built-in.o
  CC      lib/charset.o
  CC      lib/zlib/zlib.o
  AR      net/built-in.o
  CC      lib/efi_loader/efi_device_path.o
  CC      lib/efi_loader/efi_device_path_to_text.o
  CC      lib/efi_loader/efi_device_path_utilities.o
  AR      lib/bzip2/built-in.o
  CC      lib/crc8.o
  AR      lib/lzo/built-in.o
  AR      lib/libfdt/built-in.o
  CC      lib/crc16.o
  AR      lib/rsa/built-in.o
  CC      lib/crc16-ccitt.o
  CC      lib/fdtdec_common.o
  CC      lib/smbios.o
  CC      lib/image-sparse.o
  CC      lib/efi_loader/efi_dt_fixup.o
  CC      lib/efi_loader/efi_file.o
  CC      lib/ldiv.o
  CC      lib/lzma/LzmaTools.o
  CC      lib/efi_loader/efi_hii.o
  CC      lib/net_utils.o
  CC      lib/efi_loader/efi_image_loader.o
  CC      lib/rc4.o
  CC      lib/efi_loader/efi_load_options.o
  AR      lib/lzma/built-in.o
  CC      lib/sha256.o
  CC      lib/list_sort.o
  CC      lib/md5.o
  CC      lib/hash-checksum.o
  CC      lib/efi_loader/efi_memory.o
  CC      lib/sha1.o
  CC      lib/efi_loader/efi_root_node.o
  CC      lib/efi_loader/efi_runtime.o
  CC      lib/sha512.o
  CC      lib/gunzip.o
  CC      lib/lz4_wrapper.o
  CC      lib/efi_loader/efi_setup.o
  CC      lib/efi_loader/efi_string.o
  CC      lib/efi_loader/efi_unicode_collation.o
  CC      lib/fdtdec.o
  CC      lib/efi_loader/efi_var_common.o
  CC      lib/efi_loader/efi_var_mem.o
  CC      lib/efi_loader/efi_var_file.o
  CC      lib/efi_loader/efi_variable.o
  AR      lib/zlib/built-in.o
  CC      lib/qsort.o
  CC      lib/efi_loader/efi_watchdog.o
  CC      lib/hashtable.o
  CC      lib/efi_loader/efi_esrt.o
  CC      lib/errno.o
  CC      lib/efi_loader/efi_disk.o
  CC      lib/display_options.o
  CC      lib/efi_loader/efi_net.o
  CC      lib/efi_loader/efi_smbios.o
  CC      lib/efi_loader/efi_load_initrd.o
  CC      lib/crc32.o
  CC      lib/efi_loader/efi_conformance.o
  CC      lib/efi_loader/helloworld.o
  CC      lib/ctype.o
  CC      lib/div64.o
  AS      lib/efi_loader/efi_crt0.o
  CC      lib/hang.o
  CC      lib/efi_loader/efi_reloc.o
  CC      lib/efi_loader/efi_freestanding.o
  CC      lib/linux_compat.o
  CC      lib/linux_string.o
  CC      lib/efi_loader/dtbdump.o
  CC      lib/lmb.o
  CC      lib/membuff.o
  CC      lib/slre.o
  CC      lib/string.o
  CC      lib/efi_loader/initrddump.o
  CC      lib/tables_csum.o
  CC      lib/time.o
  CC      lib/hexdump.o
  LD      lib/efi_loader/helloworld_efi.so
  OBJCOPY lib/efi_loader/helloworld.efi
  CC      lib/uuid.o
  AR      lib/efi_loader/built-in.o
  CC      lib/rand.o
  CC      lib/panic.o
  CC      lib/vsprintf.o
  CC      lib/strto.o
  CC      lib/abuf.o
  CC      lib/date.o
  CC      lib/rtc-lib.o
  CC      lib/elf.o
  LD      lib/efi_loader/dtbdump_efi.so
  LD      lib/efi_loader/initrddump_efi.so
  OBJCOPY lib/efi_loader/dtbdump.efi
  OBJCOPY lib/efi_loader/initrddump.efi
  AR      lib/built-in.o
  LD      u-boot
  OBJCOPY u-boot.srec
  OBJCOPY u-boot-nodtb.bin
  SYM     u-boot.sym
  DTC     arch/arm/dts/imx8mm-data-modul-edm-sbc.dtb
  DTC     arch/arm/dts/imx8mm-ddr4-evk.dtb
  DTC     arch/arm/dts/imx8mm-ddr4-ab2.dtb
  DTC     arch/arm/dts/imx8mm-ddr3l-val.dtb
  DTC     arch/arm/dts/imx8mm-ddr4-val.dtb
  RELOC   u-boot-nodtb.bin
  DTC     arch/arm/dts/imx8mm-evk.dtb
  DTC     arch/arm/dts/imx8mm-ab2.dtb
  DTC     arch/arm/dts/imx8mm-icore-mx8mm-ctouch2.dtb
  DTC     arch/arm/dts/imx8mm-icore-mx8mm-edimm2.2.dtb
  DTC     arch/arm/dts/imx8mm-kontron-bl.dtb
  DTC     arch/arm/dts/imx8mm-kontron-bl-osm-s.dtb
  DTC     arch/arm/dts/imx8mm-mx8menlo.dtb
  DTC     arch/arm/dts/imx8mm-phg.dtb
  DTC     arch/arm/dts/imx8mm-var-dart-customboard.dtb
  DTC     arch/arm/dts/imx8mm-var-som-symphony.dtb
  DTC     arch/arm/dts/imx8mm-venice.dtb
  DTC     arch/arm/dts/imx8mm-venice-gw71xx-0x.dtb
  DTC     arch/arm/dts/imx8mm-venice-gw72xx-0x.dtb
  DTC     arch/arm/dts/imx8mm-venice-gw73xx-0x.dtb
  DTC     arch/arm/dts/imx8mm-venice-gw7901.dtb
  DTC     arch/arm/dts/imx8mm-venice-gw7902.dtb
  DTC     arch/arm/dts/imx8mm-venice-gw7903.dtb
  DTC     arch/arm/dts/imx8mm-venice-gw7904.dtb
  DTC     arch/arm/dts/imx8mm-verdin-wifi-dev.dtb
  DTC     arch/arm/dts/phycore-imx8mm.dtb
  DTC     arch/arm/dts/imx8mn-bsh-smm-s2.dtb
  DTC     arch/arm/dts/imx8mn-bsh-smm-s2pro.dtb
  DTC     arch/arm/dts/imx8mn-ddr3l-evk.dtb
  DTC     arch/arm/dts/imx8mn-ddr4-evk.dtb
  DTC     arch/arm/dts/imx8mn-ddr4-ab2.dtb
  DTC     arch/arm/dts/imx8mq-cm.dtb
  DTC     arch/arm/dts/imx8mn-evk.dtb
  DTC     arch/arm/dts/imx8mn-ab2.dtb
  DTC     arch/arm/dts/imx8mn-var-som-symphony.dtb
  DTC     arch/arm/dts/imx8mn-venice.dtb
  DTC     arch/arm/dts/imx8mn-venice-gw7902.dtb
  DTC     arch/arm/dts/imx8mq-ddr3l-val.dtb
  DTC     arch/arm/dts/imx8mq-ddr4-val.dtb
  DTC     arch/arm/dts/imx8mq-evk.dtb
  DTC     arch/arm/dts/imx8mq-var-dart-dt8mcustomboard.dtb
  DTC     arch/arm/dts/imx8mm-beacon-kit.dtb
  DTC     arch/arm/dts/imx8mn-beacon-kit.dtb
  DTC     arch/arm/dts/imx8mq-mnt-reform2.dtb
  DTC     arch/arm/dts/imx8mq-phanbell.dtb
  DTC     arch/arm/dts/imx8mp-dhcom-pdk2.dtb
  DTC     arch/arm/dts/imx8mp-ddr4-evk.dtb
  DTC     arch/arm/dts/imx8mp-evk.dtb
  DTC     arch/arm/dts/imx8mp-icore-mx8mp-edimm2.2.dtb
  DTC     arch/arm/dts/imx8mp-msc-sm2s.dtb
  DTC     arch/arm/dts/imx8mp-phyboard-pollux-rdk.dtb
  DTC     arch/arm/dts/imx8mp-venice.dtb
  DTC     arch/arm/dts/imx8mp-venice-gw74xx.dtb
  DTC     arch/arm/dts/imx8mp-verdin-wifi-dev.dtb
  DTC     arch/arm/dts/imx8mp-var-dart-dt8mcustomboard.dtb
  DTC     arch/arm/dts/imx8mp-var-dart-1.x-dt8mcustomboard.dtb
  DTC     arch/arm/dts/imx8mp-var-som-symphony.dtb
  DTC     arch/arm/dts/imx8mq-pico-pi.dtb
  DTC     arch/arm/dts/imx8mq-kontron-pitx-imx8m.dtb
  DTC     arch/arm/dts/imx8mq-librem5-r4.dtb
  SHIPPED dts/dt.dtb
  CAT     u-boot-dtb.bin
  MKIMAGE u-boot.img
  COPY    u-boot.dtb
  MKIMAGE u-boot-dtb.img
  COPY    u-boot.bin
  LD      u-boot.elf
  CC      spl/./lib/asm-offsets.s
  CC      spl/./arch/arm/lib/asm-offsets.s
  LDS     spl/u-boot-spl.lds
mkdir -p spl/dts/
  FDTGREP spl/dts/dt-spl.dtb
  COPY    spl/u-boot-spl.dtb
  UPD     spl/./include/generated/asm-offsets.h
  UPD     spl/./include/generated/generic-asm-offsets.h
  AR      spl/arch/arm/cpu/built-in.o
  CC      spl/arch/arm/cpu/armv8/cpu.o
  AS      spl/arch/arm/lib/crt0_64.o
  CC      spl/board/variscite/imx8mp_var_dart/imx8mp_var_dart.o
  CC      spl/common/spl/spl.o
  CC      spl/common/init/board_init.o
  CC      spl/boot/image.o
  AS      spl/arch/arm/mach-imx/imx8m/lowlevel_init.o
  CC      spl/cmd/nvedit.o
  CC      spl/common/fdt_support.o
  AR      spl/env/built-in.o
  CC      spl/common/spl/spl_bootrom.o
  AR      spl/lib/crypto/built-in.o
  CC      spl/arch/arm/mach-imx/imx8m/clock_slice.o
  AS      spl/arch/arm/lib/setjmp_aarch64.o
  CC      spl/lib/libfdt/fdt.o
  CC      spl/boot/image-board.o
  CC      spl/arch/arm/lib/spl.o
  AR      spl/common/init/built-in.o
  CC      spl/arch/arm/cpu/armv8/generic_timer.o
  CC      spl/common/spl/spl_fit.o
  CC      spl/arch/arm/mach-imx/imx8m/soc.o
  AR      spl/cmd/built-in.o
  CC      spl/arch/arm/lib/image.o
  CC      spl/arch/arm/mach-imx/imx8m/clock_imx8mm.o
  CC      spl/lib/libfdt/fdt_ro.o
  CC      spl/disk/part.o
  CC      spl/arch/arm/cpu/armv8/cache_v8.o
  CC      spl/arch/arm/lib/bootm-fdt.o
  CC      spl/common/console.o
  CC      spl/boot/image-android.o
  CC      spl/board/variscite/imx8mp_var_dart/../common/imx8_eeprom.o
  AR      spl/lib/rsa/built-in.o
  AR      spl/common/spl/built-in.o
  CC      spl/lib/hash-checksum.o
  CC      spl/board/variscite/imx8mp_var_dart/spl.o
  CC      spl/arch/arm/lib/bdinfo.o
  CC      spl/lib/sha1.o
  CC      spl/disk/disk-uclass.o
  CC      spl/arch/arm/lib/sections.o
  CC      spl/lib/sha256.o
  CC      spl/lib/libfdt/fdt_wip.o
  CC      spl/arch/arm/lib/stack.o
  CC      spl/lib/sha512.o
  AS      spl/arch/arm/cpu/armv8/cache.o
  CC      spl/lib/fdtdec_common.o
  CC      spl/common/dlmalloc.o
  AS      spl/arch/arm/cpu/armv8/tlb.o
  CC      spl/board/variscite/imx8mp_var_dart/lpddr4_timing.o
  AS      spl/arch/arm/cpu/armv8/transition.o
  CC      spl/arch/arm/lib/interrupts_64.o
  CC      spl/disk/part_dos.o
  CC      spl/lib/libfdt/fdt_strerror.o
  CC      spl/lib/fdtdec.o
  AR      spl/arch/arm/mach-imx/imx8m/built-in.o
  AR      spl/board/variscite/imx8mp_var_dart/built-in.o
  CC      spl/arch/arm/mach-imx/iomux-v3.o
  CC      spl/arch/arm/cpu/armv8/fwcall.o
  CC      spl/drivers/block/blk-uclass.o
  CC      spl/boot/image-android-dt.o
  CC      spl/lib/libfdt/fdt_sw.o
  CC      spl/arch/arm/cpu/armv8/cpu-dt.o
  CC      spl/boot/image-fdt.o
  CC      spl/arch/arm/mach-imx/mmc_env.o
  CC      spl/disk/part_efi.o
  CC      spl/arch/arm/lib/reset.o
  CC      spl/arch/arm/mach-imx/mac.o
  CC      spl/boot/image-fit.o
  AS      spl/arch/arm/cpu/armv8/smccc-call.o
  CC      spl/arch/arm/lib/cache.o
  CC      spl/arch/arm/cpu/armv8/sha1_ce_glue.o
  CC      spl/arch/arm/mach-imx/i2c-mxv7.o
  CC      spl/boot/common_fit.o
  AS      spl/arch/arm/cpu/armv8/sha1_ce_core.o
  CC      spl/lib/libfdt/fdt_rw.o
  CC      spl/common/malloc_simple.o
  CC      spl/arch/arm/lib/psci-dt.o
  CC      spl/arch/arm/cpu/armv8/sha256_ce_glue.o
  AS      spl/arch/arm/cpu/armv8/sha256_ce_core.o
  AR      spl/drivers/block/built-in.o
  CC      spl/lib/crc16-ccitt.o
  AR      spl/drivers/bus/built-in.o
  CC      spl/lib/net_utils.o
  CC      spl/arch/arm/mach-imx/cpu.o
  AS      spl/arch/arm/cpu/armv8/start.o
  CC      spl/drivers/core/device.o
  AR      spl/drivers/clk/analogbits/built-in.o
  AR      spl/arch/arm/lib/lib.a
  CC      spl/drivers/clk/imx/clk-gate2.o
  AS      spl/arch/arm/lib/crt0_aarch64_efi.o
  CC      spl/common/hash.o
  AR      spl/arch/arm/cpu/armv8/built-in.o
  AR      spl/dts/built-in.o
  CC      spl/arch/arm/lib/reloc_aarch64_efi.o
  AR      spl/drivers/clk/tegra/built-in.o
  CC      spl/drivers/core/fdtaddr.o
  CC      spl/lib/qsort.o
  CC      spl/common/memsize.o
  AR      spl/arch/arm/lib/built-in.o
  CC      spl/lib/libfdt/fdt_empty_tree.o
  CC      spl/fs/fs_internal.o
  CC      spl/drivers/clk/imx/clk-pllv3.o
  CC      spl/lib/hashtable.o
  CC      spl/arch/arm/mach-imx/misc.o
  CC      spl/drivers/core/lists.o
  CC      spl/common/stdio.o
  AR      spl/drivers/crypto/aspeed/built-in.o
  CC      spl/drivers/core/root.o
  AR      spl/disk/built-in.o
  AR      spl/drivers/crypto/hash/built-in.o
  CC      spl/drivers/core/uclass.o
  CC      spl/drivers/crypto/fsl/sec.o
  CC      spl/lib/libfdt/fdt_addresses.o
  AR      spl/fs/built-in.o
  AR      spl/boot/built-in.o
  CC      spl/arch/arm/mach-imx/spl.o
  CC      spl/lib/errno.o
  CC      spl/drivers/crypto/fsl/jr.o
  AR      spl/drivers/clk/ti/built-in.o
  CC      spl/lib/libfdt/fdt_overlay.o
  CC      spl/arch/arm/mach-imx/dt_optee.o
  CC      spl/drivers/clk/imx/clk-pfd.o
  CC      spl/common/cli.o
  CC      spl/drivers/ddr/imx/imx8m/../phy/helper.o
  CC      spl/drivers/gpio/gpio-uclass.o
  CC      spl/drivers/ddr/imx/imx8m/../phy/ddrphy_utils.o
  CC      spl/drivers/gpio/mxc_gpio.o
  CC      spl/drivers/core/util.o
  CC      spl/drivers/clk/clk-uclass.o
  CC      spl/arch/arm/mach-imx/spl_imx_romapi.o
  CC      spl/drivers/clk/imx/clk-imx8mp.o
  CC      spl/common/dfu.o
  CC      spl/drivers/ddr/imx/imx8m/../phy/ddrphy_train.o
  CC      spl/drivers/ddr/imx/imx8m/../phy/ddrphy_csr.o
  CC      spl/drivers/core/tag.o
  CC      spl/drivers/core/simple-bus.o
  CC      spl/drivers/core/dump.o
  AR      spl/lib/libfdt/built-in.o
  CC      spl/lib/display_options.o
  CC      spl/lib/crc32.o
  AR      spl/drivers/ddr/imx/imx8m/../phy/built-in.o
  CC      spl/drivers/ddr/imx/imx8m/ddr_init.o
  CC      spl/drivers/crypto/fsl/fsl_hash.o
  CC      spl/common/command.o
  CC      spl/drivers/core/of_extra.o
  CC      spl/arch/arm/mach-imx/romapi.o
  CC      spl/drivers/core/ofnode.o
  CC      spl/lib/ctype.o
  CC      spl/lib/div64.o
  CC      spl/drivers/clk/clk_fixed_rate.o
  CC      spl/drivers/crypto/fsl/jobdesc.o
  CC      spl/drivers/crypto/fsl/error.o
  AR      spl/drivers/gpio/built-in.o
  CC      spl/drivers/crypto/fsl/fsl_blob.o
  CC      spl/drivers/i2c/i2c_core.o
  AR      spl/arch/arm/mach-imx/built-in.o
  CC      spl/lib/hang.o
  CC      spl/lib/linux_compat.o
  AR      spl/drivers/ddr/imx/imx8m/built-in.o
  CC      spl/drivers/core/read_extra.o
  CC      spl/drivers/crypto/fsl/fsl_rsa.o
  CC      spl/drivers/misc/misc-uclass.o
  CC      spl/drivers/clk/clk_fixed_factor.o
  CC      spl/lib/linux_string.o
  CC      spl/common/s_record.o
  AR      spl/drivers/mtd/built-in.o
  CC      spl/drivers/i2c/mxc_i2c.o
  CC      spl/drivers/clk/imx/clk-pll14xx.o
  CC      spl/drivers/clk/imx/clk-composite-8m.o
  CC      spl/common/xyzModem.o
  AR      spl/drivers/pinctrl/broadcom/built-in.o
  CC      spl/lib/lmb.o
  CC      spl/drivers/clk/clk.o
  CC      spl/drivers/pinctrl/nxp/pinctrl-imx.o
  AR      spl/drivers/crypto/fsl/built-in.o
  CC      spl/drivers/pinctrl/nxp/pinctrl-imx8m.o
  CC      spl/drivers/clk/clk-divider.o
  AR      spl/drivers/crypto/nuvoton/built-in.o
  CC      spl/drivers/misc/mxc_ocotp.o
  CC      spl/drivers/crypto/rsa_mod_exp/mod_exp_uclass.o
  CC      spl/drivers/clk/clk-mux.o
  CC      spl/drivers/clk/clk-gate.o
  CC      spl/drivers/clk/clk-fixed-factor.o
  AR      spl/drivers/clk/imx/built-in.o
  AR      spl/drivers/misc/built-in.o
  CC      spl/drivers/clk/clk-composite.o
  CC      spl/drivers/power/pmic/pmic_pca9450.o
  AR      spl/common/built-in.o
  AR      spl/drivers/crypto/rsa_mod_exp/built-in.o
  AR      spl/drivers/crypto/built-in.o
  CC      spl/lib/membuff.o
  AR      spl/drivers/i2c/built-in.o
  AR      spl/drivers/core/built-in.o
  CC      spl/drivers/serial/serial.o
  CC      spl/drivers/power/power_core.o
  AR      spl/drivers/power/regulator/built-in.o
  AR      spl/drivers/pinctrl/nxp/built-in.o
  AR      spl/drivers/soc/built-in.o
  CC      spl/drivers/pinctrl/pinctrl-uclass.o
  CC      spl/drivers/pinctrl/pinctrl-generic.o
  CC      spl/drivers/power/power_i2c.o
  CC      spl/drivers/watchdog/wdt-uclass.o
  CC      spl/drivers/serial/serial_mxc.o
  AR      spl/drivers/power/pmic/built-in.o
  CC      spl/lib/slre.o
  CC      spl/lib/string.o
  CC      spl/lib/tables_csum.o
  CC      spl/lib/time.o
  AR      spl/drivers/clk/built-in.o
  CC      spl/lib/hexdump.o
  AR      spl/drivers/power/built-in.o
  CC      spl/lib/uuid.o
  CC      spl/lib/rand.o
  CC      spl/lib/panic.o
  CC      spl/lib/tiny-printf.o
  AR      spl/drivers/watchdog/built-in.o
  CC      spl/lib/strto.o
  CC      spl/lib/abuf.o
  CC      spl/lib/date.o
  AR      spl/drivers/serial/built-in.o
  CC      spl/lib/rtc-lib.o
  CC      spl/lib/elf.o
  AR      spl/drivers/pinctrl/built-in.o
  AR      spl/drivers/built-in.o
  AR      spl/lib/built-in.o
  LD      spl/u-boot-spl
  OBJCOPY spl/u-boot-spl-nodtb.bin
  SYM     spl/u-boot-spl.sym
  CAT     spl/u-boot-spl-dtb.bin
  COPY    spl/u-boot-spl.bin
  CFGS    spl/u-boot-spl.cfgout
  OFCHK   .config
[2026-10-06 12:11:00] U-Boot built
[2026-10-06 12:11:00] Downloading DDR firmware...

     0K .......... .......... .......... .......... ..........  3% 1.54M 1s
    50K .......... .......... .......... .......... ..........  6% 1.88M 1s
   100K .......... .......... .......... .......... .......... 10% 2.97M 1s
   150K .......... .......... .......... .......... .......... 13% 3.93M 1s
   200K .......... .......... .......... .......... .......... 16% 10.4M 0s
   250K .......... .......... .......... .......... .......... 20% 7.91M 0s
   300K .......... .......... .......... .......... .......... 23% 7.31M 0s
   350K .......... .......... .......... .......... .......... 27% 6.23M 0s
   400K .......... .......... .......... .......... .......... 30% 22.8M 0s
   450K .......... .......... .......... .......... .......... 33% 11.1M 0s
   500K .......... .......... .......... .......... .......... 37% 50.7M 0s
   550K .......... .......... .......... .......... .......... 40% 12.7M 0s
   600K .......... .......... .......... .......... .......... 43% 58.3M 0s
   650K .......... .......... .......... .......... .......... 47% 9.37M 0s
   700K .......... .......... .......... .......... .......... 50%  111M 0s
   750K .......... .......... .......... .......... .......... 54% 10.4M 0s
   800K .......... .......... .......... .......... .......... 57% 8.79M 0s
   850K .......... .......... .......... .......... .......... 60% 40.8M 0s
   900K .......... .......... .......... .......... .......... 64% 36.3M 0s
   950K .......... .......... .......... .......... .......... 67% 58.9M 0s
  1000K .......... .......... .......... .......... .......... 71% 8.51M 0s
  1050K .......... .......... .......... .......... .......... 74% 22.4M 0s
  1100K .......... .......... .......... .......... .......... 77% 5.27M 0s
  1150K .......... .......... .......... .......... .......... 81%  196M 0s
  1200K .......... .......... .......... .......... .......... 84% 62.3M 0s
  1250K .......... .......... .......... .......... .......... 87% 50.5M 0s
  1300K .......... .......... .......... .......... .......... 91% 8.94M 0s
  1350K .......... .......... .......... .......... .......... 94% 4.06M 0s
  1400K .......... .......... .......... .......... .......... 98% 39.7M 0s
  1450K .......... .......... .......                         100%  231M=0.2sWelcome to NXP firmware-imx-8.18.bin

WARNING: EULA has been auto-accepted; this implies that you agree with it.
Unpacking file ................................................................................ done
[2026-10-06 12:11:01] DDR firmware ready
[2026-10-06 12:11:01] Cloning https://github.com/varigit/imx-atf.git → /home/ellenhsiao/build-target/imx-boot-tools/imx-atf
Cloning into '/home/ellenhsiao/build-target/imx-boot-tools/imx-atf'...
[2026-10-06 12:11:03] Cloning https://github.com/varigit/meta-variscite-bsp.git → /home/ellenhsiao/build-target/imx-boot-tools/meta-variscite-bsp
Cloning into '/home/ellenhsiao/build-target/imx-boot-tools/meta-variscite-bsp'...
[2026-10-06 12:11:04] Cloning https://github.com/nxp-imx/imx-mkimage.git → /home/ellenhsiao/build-target/imx-boot-tools/imx-mkimage
Cloning into '/home/ellenhsiao/build-target/imx-boot-tools/imx-mkimage'...
[2026-10-06 12:11:04] Applying 0001-iMX8M-soc-allow-dtb-override.patch
[2026-10-06 12:11:04] Applying 0002-iMX8M-soc-change-padding-of-DDR4-and-LPDDR4-DMEM-fir.patch
  CC      bl31/bl31_context_mgmt.c
  CC      bl31/bl31_main.c
  CC      bl31/interrupt_mgmt.c
  CC      common/runtime_svc.c
  CC      drivers/arm/gic/v3/arm_gicv3_common.c
  CC      drivers/arm/gic/v3/gic-x00.c
  CC      drivers/arm/gic/v3/gicdv3_helpers.c
  CC      drivers/arm/gic/v3/gicrv3_helpers.c
  CC      drivers/arm/gic/v3/gicv3_helpers.c
  CC      drivers/arm/gic/v3/gicv3_main.c
  CC      drivers/arm/tzc/tzc380.c
  CC      drivers/delay_timer/delay_timer.c
  CC      drivers/delay_timer/generic_delay_timer.c
  CC      lib/cpus/errata_report.c
  CC      lib/el3_runtime/aarch64/context_mgmt.c
  CC      lib/el3_runtime/cpu_data_array.c
  CC      lib/extensions/spe/spe.c
  CC      lib/extensions/sve/sve.c
  CC      lib/locks/bakery/bakery_lock_coherent.c
  CC      lib/psci/psci_common.c
  CC      lib/psci/psci_main.c
  CC      lib/psci/psci_mem_protect.c
  CC      lib/psci/psci_off.c
  CC      lib/psci/psci_on.c
  CC      lib/psci/psci_setup.c
  CC      lib/psci/psci_suspend.c
  CC      lib/psci/psci_system_off.c
  CC      lib/xlat_tables_v2/aarch64/xlat_tables_arch.c
  CC      lib/xlat_tables_v2/xlat_tables_context.c
  CC      lib/xlat_tables_v2/xlat_tables_core.c
  CC      lib/xlat_tables_v2/xlat_tables_utils.c
  CC      plat/common/plat_gicv3.c
  CC      plat/common/plat_psci_common.c
  CC      plat/imx/common/imx8_topology.c
  CC      plat/imx/common/imx_sip_handler.c
  CC      plat/imx/common/imx_sip_svc.c
  CC      plat/imx/common/plat_imx8_gic.c
  CC      plat/imx/imx8m/ddr/clock.c
  CC      plat/imx/imx8m/ddr/ddr4_dvfs.c
  CC      plat/imx/imx8m/ddr/dram.c
  CC      plat/imx/imx8m/ddr/dram_retention.c
  CC      plat/imx/imx8m/ddr/lpddr4_dvfs.c
  CC      plat/imx/imx8m/gpc_common.c
  CC      plat/imx/imx8m/imx8m_caam.c
  CC      plat/imx/imx8m/imx8m_csu.c
  CC      plat/imx/imx8m/imx8m_psci_common.c
  CC      plat/imx/imx8m/imx8m_snvs.c
  CC      plat/imx/imx8m/imx8mp/gpc.c
  CC      plat/imx/imx8m/imx8mp/imx8mp_bl31_setup.c
  CC      plat/imx/imx8m/imx8mp/imx8mp_psci.c
  CC      plat/imx/imx8m/imx_aipstz.c
  CC      plat/imx/imx8m/imx_hab.c
  CC      plat/imx/imx8m/imx_rdc.c
  CC      services/arm_arch_svc/arm_arch_svc_setup.c
  CC      services/std_svc/std_svc_setup.c
  CC      common/bl_common.c
  CC      common/tf_log.c
  CC      drivers/console/multi_console.c
  CC      plat/common/plat_bl_common.c
  CC      plat/common/plat_log_common.c
  CC      plat/common/aarch64/plat_common.c
  CC      lib/compiler-rt/builtins/popcountdi2.c
  CC      lib/compiler-rt/builtins/popcountsi2.c
  AS      bl31/aarch64/bl31_entrypoint.S
  AS      bl31/aarch64/crash_reporting.S
  AS      bl31/aarch64/ea_delegate.S
  AS      bl31/aarch64/runtime_exceptions.S
  AS      lib/cpus/aarch64/cortex_a53.S
  AS      lib/cpus/aarch64/cpu_helpers.S
  AS      lib/cpus/aarch64/dsu_helpers.S
  AS      lib/cpus/aarch64/wa_cve_2017_5715_bpiall.S
  AS      lib/cpus/aarch64/wa_cve_2017_5715_mmu.S
  AS      lib/el3_runtime/aarch64/context.S
  AS      lib/el3_runtime/aarch64/cpu_data.S
  AS      lib/locks/exclusive/aarch64/spinlock.S
  AS      lib/psci/aarch64/psci_helpers.S
  AS      lib/xlat_tables_v2/aarch64/enable_mmu.S
  AS      plat/common/aarch64/platform_mp_stack.S
  AS      plat/imx/common/imx8_helpers.S
  AS      plat/imx/common/imx_uart_console.S
  AS      common/aarch64/debug.S
  AS      lib/aarch64/cache_helpers.S
  AS      lib/aarch64/misc_helpers.S
  AS      plat/common/aarch64/platform_helpers.S
  PP      bl31/bl31.ld.S
  CC      lib/libc/abort.c
  CC      lib/libc/assert.c
  CC      lib/libc/exit.c
  CC      lib/libc/memcmp.c
  CC      lib/libc/memchr.c
  CC      lib/libc/memcpy.c
  CC      lib/libc/memmove.c
  CC      lib/libc/memrchr.c
  CC      lib/libc/memset.c
  CC      lib/libc/printf.c
  CC      lib/libc/putchar.c
  CC      lib/libc/puts.c
  CC      lib/libc/snprintf.c
  CC      lib/libc/strchr.c
  CC      lib/libc/strcmp.c
  CC      lib/libc/strlcat.c
  CC      lib/libc/strlcpy.c
  CC      lib/libc/strlen.c
  CC      lib/libc/strncmp.c
  CC      lib/libc/strnlen.c
  CC      lib/libc/strrchr.c
  CC      lib/libc/strtok.c
  CC      lib/libc/strtoul.c
  CC      lib/libc/strtoll.c
  CC      lib/libc/strtoull.c
  CC      lib/libc/strtol.c
  AS      lib/libc/aarch64/setjmp.S
  AR      /home/ellenhsiao/build-target/imx-boot-tools/imx-atf/build/imx8mp/release/lib/libc.a
  LD      /home/ellenhsiao/build-target/imx-boot-tools/imx-atf/build/imx8mp/release/bl31/bl31.elf
  BIN     /home/ellenhsiao/build-target/imx-boot-tools/imx-atf/build/imx8mp/release/bl31.bin
  OD      /home/ellenhsiao/build-target/imx-boot-tools/imx-atf/build/imx8mp/release/bl31/bl31.dump

Built /home/ellenhsiao/build-target/imx-boot-tools/imx-atf/build/imx8mp/release/bl31.bin successfully

[2026-10-06 12:11:06] ATF (bl31.bin) ready
[2026-10-06 12:11:06] mkimage environment prepared
make: *** No rule to make target '..//mkimage_imx8.c', needed by 'mkimage_imx8'.  Stop.
[2026-10-06 12:14:41] Cloning https://github.com/varigit/uboot-imx.git → /home/ellenhsiao/build-target/uboot-imx
Cloning into '/home/ellenhsiao/build-target/uboot-imx'...
  HOSTCC  scripts/basic/fixdep
  HOSTCC  scripts/kconfig/conf.o
  YACC    scripts/kconfig/zconf.tab.c
  LEX     scripts/kconfig/zconf.lex.c
  HOSTCC  scripts/kconfig/zconf.tab.o
  HOSTLD  scripts/kconfig/conf
#
# configuration written to .config
#
scripts/kconfig/conf  --syncconfig Kconfig
  UPD     include/config.h
  CFG     u-boot.cfg
  GEN     include/autoconf.mk.dep
  CFG     spl/u-boot.cfg
  GEN     spl/include/autoconf.mk
  GEN     include/autoconf.mk
  UPD     include/generated/dt.h
  ENVC    include/generated/env.txt
  UPD     include/generated/timestamp_autogenerated.h
  ENVP    include/generated/env.in
  ENVT    include/generated/environment.h
  HOSTCC  scripts/dtc/dtc.o
  HOSTCC  scripts/dtc/flattree.o
  HOSTCC  scripts/dtc/fstree.o
  HOSTCC  scripts/dtc/data.o
  HOSTCC  scripts/dtc/livetree.o
  HOSTCC  scripts/dtc/treesource.o
  HOSTCC  scripts/dtc/srcpos.o
  HOSTCC  scripts/dtc/checks.o
  HOSTCC  scripts/dtc/util.o
  LEX     scripts/dtc/dtc-lexer.lex.c
  YACC    scripts/dtc/dtc-parser.tab.h
  YACC    scripts/dtc/dtc-parser.tab.c
  HOSTCC  scripts/dtc/dtc-lexer.lex.o
  HOSTCC  scripts/dtc/dtc-parser.tab.o
  HOSTLD  scripts/dtc/dtc
  UPD     include/config/uboot.release
  UPD     include/generated/version_autogenerated.h
  CC      lib/asm-offsets.s
  CC      arch/arm/lib/asm-offsets.s
  UPD     include/generated/asm-offsets.h
  UPD     include/generated/generic-asm-offsets.h
  HOSTCC  tools/gen_eth_addr
  HOSTCC  tools/gen_ethaddr_crc.o
  WRAP    tools/lib/crc8.c
  HOSTCC  tools/img2srec
  HOSTCC  tools/mkenvimage.o
  HOSTCC  tools/os_support.o
  WRAP    tools/lib/crc32.c
  HOSTCC  tools/aisimage.o
  HOSTCC  tools/atmelimage.o
  HOSTCC  tools/fit_common.o
  HOSTCC  tools/fit_image.o
  LDS     u-boot.lds
  HOSTCC  tools/image-host.o
  WRAP    tools/boot/image-fit.c
  HOSTCC  tools/image-sig-host.o
  WRAP    tools/boot/image-fit-sig.c
  WRAP    tools/boot/image-cipher.c
  WRAP    tools/boot/fdt_region.c
  WRAP    tools/boot/bootm.c
  HOSTCC  tools/lib/crc32.o
  HOSTCC  tools/default_image.o
  WRAP    tools/lib/fdtdec_common.c
  WRAP    tools/lib/fdtdec.c
  WRAP    tools/boot/image.c
  WRAP    tools/boot/image-host.c
  HOSTCC  tools/imagetool.o
  HOSTCC  tools/imximage.o
  HOSTCC  tools/imx8image.o
  HOSTCC  tools/imx8mimage.o
  HOSTCC  tools/kwbimage.o
  WRAP    tools/lib/md5.c
  HOSTCC  tools/lpc32xximage.o
  HOSTCC  tools/mxsimage.o
  HOSTCC  tools/omapimage.o
  HOSTCC  tools/pblimage.o
  HOSTCC  tools/pbl_crc32.o
  HOSTCC  tools/vybridimage.o
  HOSTCC  tools/stm32image.o
  WRAP    tools/lib/rc4.c
  HOSTCC  tools/rkcommon.o
  HOSTCC  tools/rkimage.o
  HOSTCC  tools/rksd.o
  HOSTCC  tools/rkspi.o
  HOSTCC  tools/socfpgaimage.o
  HOSTCC  tools/sunxi_egon.o
  WRAP    tools/lib/crc16-ccitt.c
  WRAP    tools/lib/hash-checksum.c
  WRAP    tools/lib/sha1.c
  WRAP    tools/lib/sha256.c
  WRAP    tools/lib/sha512.c
  WRAP    tools/common/hash.c
  HOSTCC  tools/ublimage.o
  HOSTCC  tools/zynqimage.o
  LDS     u-boot-elf.lds
  HOSTCC  tools/zynqmpimage.o
  HOSTCC  tools/zynqmpbif.o
  WRAP    tools/lib/fdt-libcrypto.c
  HOSTCC  tools/sunxi_toc0.o
  HOSTCC  tools/libfdt/fdt.o
  HOSTCC  tools/libfdt/fdt_ro.o
  HOSTCC  tools/libfdt/fdt_wip.o
  HOSTCC  tools/libfdt/fdt_sw.o
  HOSTCC  tools/libfdt/fdt_rw.o
  HOSTCC  tools/libfdt/fdt_strerror.o
  HOSTCC  tools/libfdt/fdt_empty_tree.o
  HOSTCC  tools/libfdt/fdt_addresses.o
  HOSTCC  tools/libfdt/fdt_overlay.o
  HOSTCC  tools/gpimage.o
  HOSTCC  tools/gpimage-common.o
  HOSTCC  tools/mtk_image.o
  HOSTCC  tools/mtk_nand_headers.o
  WRAP    tools/lib/ecdsa/ecdsa-libcrypto.c
  WRAP    tools/lib/rsa/rsa-sign.c
  WRAP    tools/lib/rsa/rsa-verify.c
  WRAP    tools/lib/rsa/rsa-mod-exp.c
  WRAP    tools/lib/aes/aes-encrypt.c
  WRAP    tools/lib/aes/aes-decrypt.c
  HOSTCC  tools/dumpimage.o
  HOSTCC  tools/boot/image-fit.o
  HOSTCC  tools/boot/image-fit-sig.o
  HOSTCC  tools/boot/image-cipher.o
  HOSTCC  tools/boot/fdt_region.o
  HOSTCC  tools/boot/bootm.o
  HOSTCC  tools/lib/fdtdec_common.o
  HOSTCC  tools/lib/fdtdec.o
  HOSTCC  tools/boot/image.o
  HOSTCC  tools/boot/image-host.o
  HOSTCC  tools/lib/md5.o
  HOSTCC  tools/lib/rc4.o
  HOSTCC  tools/lib/crc16-ccitt.o
  HOSTCC  tools/lib/hash-checksum.o
  HOSTCC  tools/lib/sha1.o
  HOSTCC  tools/lib/sha256.o
  HOSTCC  tools/lib/sha512.o
  HOSTCC  tools/common/hash.o
  HOSTCC  tools/lib/fdt-libcrypto.o
  HOSTCC  tools/lib/ecdsa/ecdsa-libcrypto.o
  HOSTCC  tools/lib/rsa/rsa-sign.o
  HOSTCC  tools/lib/rsa/rsa-verify.o
  HOSTCC  tools/lib/rsa/rsa-mod-exp.o
  HOSTCC  tools/lib/aes/aes-encrypt.o
  HOSTCC  tools/lib/aes/aes-decrypt.o
  HOSTCC  tools/mkimage.o
  HOSTCC  tools/fit_info.o
  HOSTCC  tools/fit_check_sign.o
  HOSTCC  tools/proftool.o
  WRAP    tools/lib/abuf.c
  HOSTCC  tools/relocate-rela
  HOSTCC  tools/fdtgrep.o
  HOSTCC  tools/spl_size_limit
  HOSTCC  tools/mkeficapsule
  HOSTCC  tools/lib/crc8.o
  HOSTLD  tools/mkenvimage
  HOSTCC  tools/lib/abuf.o
  HOSTLD  tools/gen_ethaddr_crc
  HOSTLD  tools/dumpimage
  HOSTLD  tools/mkimage
  HOSTLD  tools/fit_info
  HOSTLD  tools/fit_check_sign
  HOSTLD  tools/fdtgrep
  HOSTLD  tools/proftool
  AR      arch/arm/cpu/built-in.o
  CC      arch/arm/cpu/armv8/cpu.o
  CC      arch/arm/cpu/armv8/generic_timer.o
  CC      arch/arm/cpu/armv8/cache_v8.o
  AS      arch/arm/cpu/armv8/cache.o
  AS      arch/arm/lib/crt0_64.o
  AS      arch/arm/lib/setjmp_aarch64.o
  AS      arch/arm/cpu/armv8/exceptions.o
  CC      arch/arm/cpu/armv8/exception_level.o
  AS      arch/arm/cpu/armv8/tlb.o
  CC      board/variscite/imx8mp_var_dart/imx8mp_var_dart.o
  CC      boot/bootm.o
  AS      arch/arm/mach-imx/imx8m/lowlevel_init.o
  AS      arch/arm/cpu/armv8/transition.o
  CC      board/variscite/imx8mp_var_dart/../common/imx8_eeprom.o
  AS      arch/arm/lib/relocate_64.o
  CC      arch/arm/cpu/armv8/fwcall.o
  CC      arch/arm/mach-imx/imx8m/clock_slice.o
  CC      arch/arm/cpu/armv8/cpu-dt.o
  AS      arch/arm/cpu/armv8/smccc-call.o
  CC      board/variscite/imx8mp_var_dart/../common/mmc.o
  CC      arch/arm/lib/bootm-fdt.o
  CC      arch/arm/mach-imx/imx8m/soc.o
  CC      boot/bootm_os.o
  CC      arch/arm/mach-imx/iomux-v3.o
  CC      arch/arm/mach-imx/imx8m/clock_imx8mm.o
  CC      board/variscite/imx8mp_var_dart/../common/eth.o
  CC      cmd/boot.o
  CC      arch/arm/cpu/armv8/sha1_ce_glue.o
  CC      arch/arm/mach-imx/imx_bootaux.o
  CC      arch/arm/lib/bootm.o
  AR      cmd/arm/built-in.o
  CC      boot/pxe_utils.o
  CC      boot/image.o
  AS      arch/arm/cpu/armv8/sha1_ce_core.o
  CC      arch/arm/cpu/armv8/sha256_ce_glue.o
  CC      cmd/bootm.o
  CC      arch/arm/lib/image.o
  CC      boot/image-board.o
  CC      board/variscite/imx8mp_var_dart/../common/extcon-ptn5150.o
  AR      arch/arm/mach-imx/imx8m/built-in.o
  CC      arch/arm/mach-imx/mmc_env.o
  CC      arch/arm/mach-imx/mac.o
  CC      arch/arm/lib/bdinfo.o
  CC      boot/image-android.o
  AS      arch/arm/cpu/armv8/sha256_ce_core.o
  CC      boot/image-android-dt.o
  CC      arch/arm/mach-imx/i2c-mxv7.o
  CC      cmd/help.o
  CC      arch/arm/lib/sections.o
  CC      arch/arm/lib/stack.o
  CC      arch/arm/mach-imx/cpu.o
  CC      board/variscite/imx8mp_var_dart/../common/imx8_dram.o
  AS      arch/arm/cpu/armv8/start.o
  CC      arch/arm/mach-imx/misc.o
  CC      common/main.o
  CC      common/init/board_init.o
  CC      cmd/panic.o
  AR      arch/arm/cpu/armv8/built-in.o
  CC      boot/bootdev-uclass.o
  CC      cmd/version.o
  CC      arch/arm/lib/interrupts_64.o
  CC      disk/part.o
  AR      board/variscite/imx8mp_var_dart/built-in.o
  CC      common/exports.o
  CC      arch/arm/mach-imx/dt_optee.o
  CC      arch/arm/mach-imx/spl_imx_romapi.o
  AR      common/init/built-in.o
  CC      arch/arm/mach-imx/romapi.o
  CC      disk/disk-uclass.o
  CC      arch/arm/lib/cache.o
  CC      boot/bootflow.o
  CC      arch/arm/lib/psci-dt.o
  AR      drivers/adc/built-in.o
  CC      disk/part_dos.o
  CC      common/cli_hush.o
  AR      drivers/ata/built-in.o
  CC      common/autoboot.o
  AR      arch/arm/mach-imx/built-in.o
  AR      drivers/axi/built-in.o
  CC      boot/bootmeth-uclass.o
  AR      arch/arm/lib/lib.a
  CC      cmd/blk_common.o
  CC      cmd/bootflow.o
  CC      common/board_f.o
  AR      drivers/usb/cdns3/built-in.o
  CC      disk/part_iso.o
  AS      arch/arm/lib/crt0_aarch64_efi.o
  CC      drivers/block/blk-uclass.o
  CC      disk/part_efi.o
  AR      drivers/bus/built-in.o
  CC      boot/bootstd-uclass.o
  CC      arch/arm/lib/reloc_aarch64_efi.o
  CC      drivers/block/blkcache.o
  CC      boot/bootmeth_distro.o
  CC      cmd/source.o
  CC      drivers/usb/common/common.o
  AR      drivers/cache/built-in.o
  CC      common/board_r.o
  AR      arch/arm/lib/built-in.o
  CC      boot/bootmeth_pxe.o
  AR      disk/built-in.o
  CC      common/board_info.o
  CC      drivers/usb/dwc3/core.o
  AR      drivers/block/built-in.o
  CC      boot/bootmeth_efi.o
  CC      boot/image-fdt.o
  AR      drivers/usb/common/built-in.o
  CC      cmd/bdinfo.o
  CC      boot/fdt_region.o
  CC      common/fdt_support.o
  CC      common/miiphyutil.o
  CC      drivers/usb/dwc3/gadget.o
  AR      drivers/usb/emul/built-in.o
  CC      boot/image-fit.o
  CC      boot/image-sig.o
  AR      drivers/usb/eth/built-in.o
  CC      drivers/core/device.o
  CC      cmd/blkcache.o
  AR      drivers/clk/analogbits/built-in.o
  CC      boot/image-fit-sig.o
  CC      common/usb.o
  CC      common/usb_hub.o
  CC      drivers/usb/dwc3/ep0.o
  CC      common/usb_storage.o
  CC      boot/vbe.o
  CC      drivers/usb/gadget/epautoconf.o
  CC      drivers/usb/gadget/udc/udc-core.o
  CC      drivers/core/fdtaddr.o
  CC      drivers/clk/imx/clk-gate2.o
  CC      drivers/usb/gadget/udc/udc-uclass.o
  AR      drivers/clk/tegra/built-in.o
  AR      drivers/clk/ti/built-in.o
  CC      common/iomux.o
  AR      drivers/usb/dwc3/dwc3.o
  CC      boot/vbe_request.o
  CC      drivers/usb/gadget/config.o
  CC      boot/vbe_simple.o
  CC      drivers/core/lists.o
  CC      drivers/clk/imx/clk-pllv3.o
  CC      drivers/core/root.o
  AR      drivers/crypto/aspeed/built-in.o
  AR      drivers/usb/dwc3/built-in.o
  CC      cmd/bootefi.o
  CC      common/splash.o
  CC      drivers/crypto/fsl/sec.o
  CC      cmd/booti.o
  CC      drivers/usb/gadget/usbstring.o
  CC      drivers/core/uclass.o
  CC      boot/vbe_simple_os.o
  AR      drivers/usb/gadget/udc/built-in.o
  CC      drivers/crypto/fsl/jr.o
  CC      drivers/core/util.o
  CC      drivers/clk/imx/clk-pfd.o
  CC      drivers/clk/imx/clk-imx8mp.o
  CC      common/menu.o
  CC      drivers/usb/gadget/g_dnl.o
  CC      drivers/usb/gadget/f_dfu.o
  CC      cmd/cache.o
  CC      common/update.o
  CC      drivers/core/tag.o
  AR      boot/built-in.o
  CC      drivers/core/device-remove.o
  CC      drivers/crypto/fsl/fsl_hash.o
  CC      drivers/clk/clk-uclass.o
  AR      drivers/crypto/hash/built-in.o
  CC      drivers/clk/imx/clk-pll14xx.o
  CC      cmd/clk.o
  CC      drivers/crypto/fsl/jobdesc.o
  CC      drivers/dfu/dfu.o
  CC      common/cli_getch.o
  CC      drivers/core/simple-bus.o
  CC      drivers/usb/gadget/f_mass_storage.o
  CC      drivers/dfu/dfu_mmc.o
  CC      drivers/dfu/dfu_ram.o
  CC      drivers/dfu/dfu_alt.o
  CC      common/cli_readline.o
  CC      drivers/clk/imx/clk-composite-8m.o
  CC      drivers/usb/gadget/f_fastboot.o
  CC      cmd/console.o
  CC      drivers/crypto/fsl/error.o
  CC      drivers/core/dump.o
  CC      common/cli_simple.o
  AR      drivers/crypto/nuvoton/built-in.o
  CC      common/console.o
  CC      drivers/crypto/fsl/fsl_blob.o
  AR      drivers/dfu/built-in.o
  CC      drivers/crypto/rsa_mod_exp/mod_exp_uclass.o
  AR      drivers/clk/imx/built-in.o
  CC      cmd/date.o
  AR      drivers/usb/gadget/built-in.o
  CC      drivers/core/regmap.o
  CC      drivers/crypto/fsl/fsl_rsa.o
  CC      drivers/usb/host/usb-uclass.o
  CC      drivers/usb/host/usb_bootdev.o
  CC      drivers/core/syscon-uclass.o
  CC      common/dlmalloc.o
  CC      drivers/usb/host/xhci.o
  AR      drivers/crypto/rsa_mod_exp/built-in.o
  CC      drivers/clk/clk_fixed_rate.o
  CC      cmd/dm.o
  CC      drivers/usb/host/xhci-mem.o
  CC      drivers/usb/host/xhci-ring.o
  AR      drivers/crypto/fsl/built-in.o
  CC      drivers/fastboot/fb_common.o
  CC      drivers/clk/clk_fixed_factor.o
  CC      drivers/core/of_extra.o
  CC      drivers/fastboot/fb_fsl/fb_fsl_dev.o
  CC      common/malloc_simple.o
  CC      cmd/echo.o
  CC      drivers/usb/host/xhci-dwc3.o
  CC      drivers/firmware/firmware-uclass.o
  CC      drivers/fastboot/fb_fsl/fb_fsl_boot.o
  CC      common/event.o
  AR      drivers/crypto/built-in.o
  CC      drivers/fastboot/fb_fsl/fb_fsl_command.o
  CC      drivers/core/ofnode.o
  CC      drivers/clk/clk.o
  CC      cmd/efidebug.o
  CC      drivers/fastboot/fb_fsl/fb_fsl_common.o
  AR      drivers/usb/imx/built-in.o
  CC      drivers/core/read_extra.o
  CC      drivers/firmware/psci.o
  CC      common/hash.o
  CC      drivers/usb/host/xhci-imx8m.o
  CC      drivers/fastboot/fb_fsl/fb_fsl_getvar.o
  CC      drivers/clk/clk-divider.o
  CC      drivers/clk/clk-mux.o
  CC      drivers/fastboot/fb_fsl/fb_fsl_partitions.o
  AR      drivers/core/built-in.o
  CC      drivers/gpio/gpio-uclass.o
  AR      drivers/firmware/built-in.o
  CC      drivers/i2c/i2c-uclass.o
  CC      cmd/eficonfig.o
  CC      common/memsize.o
  AR      drivers/usb/host/built-in.o
  CC      drivers/gpio/pca953x_gpio.o
  CC      drivers/input/key_matrix.o
  CC      drivers/clk/clk-gate.o
  CC      common/stdio.o
  AR      drivers/fastboot/fb_fsl/built-in.o
  CC      common/cli.o
  CC      drivers/i2c/mxc_i2c.o
  CC      cmd/elf.o
  AR      drivers/iommu/built-in.o
  CC      drivers/gpio/mxc_gpio.o
  CC      cmd/exit.o
  CC      drivers/clk/clk-fixed-factor.o
  AR      drivers/input/built-in.o
  AR      drivers/fastboot/built-in.o
  CC      drivers/led/led-uclass.o
  AR      drivers/usb/isp1760/built-in.o
  AR      drivers/usb/mtu3/built-in.o
  CC      common/dfu.o
  CC      drivers/clk/clk-composite.o
  AR      drivers/mailbox/built-in.o
  AR      drivers/gpio/built-in.o
  CC      cmd/ext4.o
  AR      drivers/i2c/built-in.o
  CC      cmd/ext2.o
  CC      drivers/led/led_gpio.o
  AR      drivers/memory/built-in.o
  AR      drivers/usb/musb/built-in.o
  CC      cmd/fat.o
  AR      drivers/mfd/built-in.o
  AR      drivers/clk/built-in.o
  CC      common/command.o
  CC      cmd/fdt.o
  CC      drivers/misc/misc-uclass.o
  CC      drivers/misc/mxc_ocotp.o
  CC      drivers/mmc/mmc.o
  AR      drivers/led/built-in.o
  CC      common/s_record.o
  CC      cmd/fs.o
  AR      drivers/usb/phy/built-in.o
  CC      common/xyzModem.o
  AR      drivers/usb/musb-new/built-in.o
  CC      drivers/mmc/mmc-uclass.o
  CC      cmd/fuse.o
  AR      drivers/misc/built-in.o
  CC      cmd/gettime.o
  CC      cmd/gpio.o
  CC      drivers/mmc/mmc_bootdev.o
  AR      common/built-in.o
  AR      drivers/usb/ulpi/built-in.o
  AR      drivers/mtd/nand/built-in.o
  AR      drivers/net/mscc_eswitch/built-in.o
  CC      env/common.o
  AR      drivers/phy/allwinner/built-in.o
  CC      cmd/i2c.o
  AR      drivers/mtd/onenand/built-in.o
  CC      cmd/hash.o
  CC      drivers/net/phy/phy.o
  AR      drivers/mtd/spi/built-in.o
  CC      drivers/mmc/mmc_write.o
  AR      drivers/phy/cadence/built-in.o
  AR      drivers/phy/marvell/built-in.o
  AR      drivers/mtd/built-in.o
  CC      env/env.o
  AR      drivers/phy/qcom/built-in.o
  CC      cmd/itest.o
  CC      fs/ext4/ext4fs.o
  CC      drivers/mmc/mmc_boot.o
  CC      drivers/net/phy/adin.o
  AR      drivers/net/qe/built-in.o
  CC      lib/bzip2/bzlib.o
  AR      drivers/net/ti/built-in.o
  CC      fs/fs.o
  AR      drivers/phy/rockchip/built-in.o
  AR      lib/crypto/built-in.o
  CC      env/attr.o
  CC      fs/fat/fat_write.o
  CC      cmd/led.o
  CC      fs/ext4/ext4_common.o
  CC      drivers/mmc/fsl_esdhc_imx.o
  CC      drivers/net/phy/atheros.o
  CC      lib/bzip2/bzlib_crctable.o
  CC      lib/efi_driver/efi_uclass.o
  CC      env/flags.o
  AR      drivers/phy/socionext/built-in.o
  CC      lib/efi_loader/efi_bootmgr.o
  CC      fs/ext4/dev.o
  AR      fs/fat/built-in.o
  CC      cmd/load.o
  CC      lib/bzip2/bzlib_decompress.o
  CC      drivers/net/phy/mxl-8611x.o
  CC      drivers/mmc/rpmb.o
  AR      drivers/pinctrl/broadcom/built-in.o
  CC      env/callback.o
  CC      lib/efi_driver/efi_block_device.o
  AR      drivers/power/pmic/built-in.o
  CC      env/nowhere.o
  AR      drivers/phy/ti/built-in.o
  CC      fs/ext4/ext4_write.o
  CC      lib/efi_loader/efi_boottime.o
  CC      lib/bzip2/bzlib_randtable.o
  CC      cmd/mem.o
  CC      drivers/phy/phy-uclass.o
  AR      drivers/net/phy/built-in.o
  AR      drivers/mmc/built-in.o
  CC      lib/bzip2/bzlib_huffman.o
  CC      env/mmc.o
  CC      drivers/pinctrl/nxp/pinctrl-imx.o
  AR      lib/efi_driver/built-in.o
  CC      fs/ext4/ext4_journal.o
  CC      drivers/power/regulator/regulator-uclass.o
  CC      lib/efi_loader/efi_helper.o
  CC      cmd/mii.o
  CC      drivers/net/eth-phy-uclass.o
  AR      lib/bzip2/built-in.o
  CC      drivers/net/dwc_eth_qos.o
  CC      drivers/phy/phy-imx8mq-usb.o
  CC      drivers/power/regulator/regulator_common.o
  AR      env/built-in.o
  CC      drivers/pinctrl/nxp/pinctrl-imx8m.o
  CC      lib/efi_loader/efi_capsule.o
  AR      fs/ext4/built-in.o
  CC      drivers/pinctrl/pinctrl-uclass.o
  CC      drivers/net/dwc_eth_qos_imx.o
  CC      cmd/mdio.o
  CC      lib/libfdt/fdt.o
  AR      drivers/phy/built-in.o
  CC      cmd/sleep.o
  AR      drivers/pinctrl/nxp/built-in.o
  CC      drivers/power/regulator/fixed.o
  CC      fs/fs_internal.o
  CC      drivers/power/regulator/gpio-regulator.o
  CC      lib/efi_loader/efi_firmware.o
  CC      drivers/net/fec_mxc.o
  CC      drivers/pinctrl/pinctrl-generic.o
  CC      cmd/mmc.o
  CC      lib/libfdt/fdt_ro.o
  AR      fs/built-in.o
  CC      lib/libfdt/fdt_wip.o
  AR      drivers/pwm/built-in.o
  CC      net/arp.o
  CC      lib/lzma/LzmaDec.o
  AR      drivers/reset/built-in.o
  CC      lib/efi_loader/efi_console.o
  AR      drivers/power/regulator/built-in.o
  AR      drivers/pinctrl/built-in.o
  CC      cmd/net.o
  CC      cmd/nvedit_efi.o
  CC      net/bootp.o
  CC      lib/lzma/LzmaTools.o
  CC      lib/libfdt/fdt_strerror.o
  CC      lib/libfdt/fdt_sw.o
  AR      drivers/net/built-in.o
  AR      drivers/power/built-in.o
  CC      lib/efi_loader/efi_device_path.o
  CC      lib/efi_loader/efi_device_path_to_text.o
  CC      drivers/rtc/rtc-uclass.o
  AR      lib/lzma/built-in.o
  CC      lib/efi_loader/efi_device_path_utilities.o
  CC      net/eth-uclass.o
  CC      lib/libfdt/fdt_rw.o
  CC      cmd/part.o
  CC      lib/efi_loader/efi_dt_fixup.o
  CC      lib/libfdt/fdt_empty_tree.o
  AR      drivers/scsi/built-in.o
  CC      net/eth_bootdev.o
  CC      drivers/rtc/emul_rtc.o
  CC      lib/efi_loader/efi_file.o
  CC      cmd/pinmux.o
  CC      net/net.o
  CC      net/eth_common.o
  CC      lib/efi_loader/efi_hii.o
  CC      cmd/pxe.o
  CC      lib/libfdt/fdt_addresses.o
  CC      lib/lzo/lzo1x_decompress.o
  CC      cmd/read.o
  CC      drivers/serial/serial-uclass.o
  CC      lib/rsa/rsa-verify.o
  CC      lib/efi_loader/efi_image_loader.o
  CC      lib/efi_loader/efi_load_options.o
  CC      lib/libfdt/fdt_overlay.o
  CC      cmd/rtc.o
  CC      net/nfs.o
  CC      net/ping.o
  CC      lib/efi_loader/efi_memory.o
  AR      lib/lzo/built-in.o
  CC      lib/efi_loader/efi_root_node.o
  CC      drivers/serial/serial_mxc.o
  AR      lib/rsa/built-in.o
  AR      lib/libfdt/built-in.o
  CC      lib/efi_loader/efi_runtime.o
  CC      cmd/setexpr.o
  CC      lib/efi_loader/efi_setup.o
  CC      lib/efi_loader/efi_string.o
  CC      net/sntp.o
  CC      cmd/sysboot.o
  CC      lib/efi_loader/efi_unicode_collation.o
  CC      lib/zlib/zlib.o
  AR      drivers/serial/built-in.o
  CC      cmd/time.o
  CC      lib/charset.o
  CC      net/tftp.o
  AR      drivers/smem/built-in.o
  CC      lib/efi_loader/efi_var_common.o
  CC      cmd/timer.o
  CC      net/fastboot.o
  AR      lib/zlib/built-in.o
  CC      lib/efi_loader/efi_var_mem.o
  CC      lib/crc8.o
  CC      cmd/test.o
  AR      drivers/soc/built-in.o
  CC      lib/crc16.o
  CC      net/udp.o
  CC      lib/crc16-ccitt.o
  CC      cmd/unlz4.o
  AR      drivers/sound/built-in.o
  CC      lib/efi_loader/efi_var_file.o
  CC      cmd/unzip.o
  CC      lib/efi_loader/efi_variable.o
  CC      lib/fdtdec_common.o
  CC      cmd/lzmadec.o
  CC      cmd/usb.o
  AR      net/built-in.o
  CC      lib/smbios.o
  AR      drivers/spmi/built-in.o
  CC      cmd/disk.o
  CC      cmd/fastboot.o
  CC      drivers/sysreset/sysreset-uclass.o
  CC      lib/efi_loader/efi_watchdog.o
  CC      cmd/usb_mass_storage.o
  CC      drivers/sysreset/sysreset_psci.o
  CC      lib/image-sparse.o
  CC      cmd/ximg.o
  CC      cmd/dfu.o
  CC      lib/ldiv.o
  CC      lib/efi_loader/efi_esrt.o
  CC      lib/net_utils.o
  CC      cmd/gpt.o
  CC      lib/rc4.o
  CC      lib/efi_loader/efi_disk.o
  CC      cmd/regulator.o
  CC      lib/sha256.o
  AR      drivers/sysreset/built-in.o
  CC      lib/list_sort.o
  CC      lib/efi_loader/efi_net.o
  CC      cmd/nvedit.o
  CC      lib/md5.o
  CC      drivers/tee/broadcom/chimp_optee.o
  CC      lib/hash-checksum.o
  CC      lib/efi_loader/efi_smbios.o
  CC      lib/sha1.o
  CC      drivers/thermal/thermal-uclass.o
  CC      drivers/tee/tee-uclass.o
  AR      drivers/ufs/built-in.o
  CC      drivers/tee/optee/core.o
  AR      cmd/built-in.o
  CC      lib/sha512.o
  AR      drivers/tee/broadcom/built-in.o
  CC      drivers/tee/optee/supplicant.o
  AR      drivers/video/bridge/built-in.o
  CC      lib/efi_loader/efi_load_initrd.o
  CC      drivers/thermal/imx_tmu.o
  AR      drivers/video/sunxi/built-in.o
  CC      drivers/tee/optee/i2c.o
  CC      lib/gunzip.o
  CC      lib/efi_loader/efi_conformance.o
  AR      drivers/video/ti/built-in.o
  CC      drivers/tee/optee/rpmb.o
  CC      lib/lz4_wrapper.o
  CC      lib/fdtdec.o
  AR      drivers/watchdog/built-in.o
  CC      lib/qsort.o
  AR      drivers/video/nxp/imx/hdmi/built-in.o
  AR      drivers/thermal/built-in.o
  CC      lib/hashtable.o
  CC      lib/efi_loader/helloworld.o
  AR      drivers/tee/optee/built-in.o
  CC      lib/errno.o
  AR      drivers/video/nxp/imx/built-in.o
  CC      lib/display_options.o
  AR      drivers/video/nxp/layerscape/built-in.o
  AS      lib/efi_loader/efi_crt0.o
  CC      lib/crc32.o
  CC      lib/ctype.o
  CC      lib/efi_loader/efi_reloc.o
  AR      drivers/tee/built-in.o
  CC      lib/efi_loader/efi_freestanding.o
  AR      drivers/video/nxp/built-in.o
  CC      lib/div64.o
  CC      lib/hang.o
  CC      lib/efi_loader/dtbdump.o
  CC      lib/linux_string.o
  CC      lib/linux_compat.o
  CC      lib/lmb.o
  AR      drivers/video/built-in.o
  CC      lib/membuff.o
  CC      lib/efi_loader/initrddump.o
  AR      lib/efi_loader/built-in.o
  CC      lib/string.o
  CC      lib/slre.o
  CC      lib/tables_csum.o
  CC      lib/time.o
  CC      lib/hexdump.o
  CC      lib/uuid.o
  LD      lib/efi_loader/helloworld_efi.so
  CC      lib/rand.o
  CC      lib/panic.o
  CC      lib/vsprintf.o
  CC      lib/strto.o
  CC      lib/abuf.o
  CC      lib/date.o
  CC      lib/rtc-lib.o
  LD      lib/efi_loader/dtbdump_efi.so
  CC      lib/elf.o
  AR      drivers/rtc/built-in.o
  LD      lib/efi_loader/initrddump_efi.so
  OBJCOPY lib/efi_loader/helloworld.efi
  OBJCOPY lib/efi_loader/dtbdump.efi
  AR      drivers/built-in.o
  OBJCOPY lib/efi_loader/initrddump.efi
  AR      lib/built-in.o
  LD      u-boot
  OBJCOPY u-boot.srec
  OBJCOPY u-boot-nodtb.bin
  SYM     u-boot.sym
  DTC     arch/arm/dts/imx8mm-data-modul-edm-sbc.dtb
  DTC     arch/arm/dts/imx8mm-ddr4-evk.dtb
  DTC     arch/arm/dts/imx8mm-ddr4-ab2.dtb
  DTC     arch/arm/dts/imx8mm-ddr3l-val.dtb
  DTC     arch/arm/dts/imx8mm-ddr4-val.dtb
  DTC     arch/arm/dts/imx8mm-evk.dtb
  DTC     arch/arm/dts/imx8mm-ab2.dtb
  RELOC   u-boot-nodtb.bin
  DTC     arch/arm/dts/imx8mm-icore-mx8mm-ctouch2.dtb
  DTC     arch/arm/dts/imx8mm-icore-mx8mm-edimm2.2.dtb
  DTC     arch/arm/dts/imx8mm-kontron-bl.dtb
  DTC     arch/arm/dts/imx8mm-kontron-bl-osm-s.dtb
  DTC     arch/arm/dts/imx8mm-mx8menlo.dtb
  DTC     arch/arm/dts/imx8mm-phg.dtb
  DTC     arch/arm/dts/imx8mm-var-dart-customboard.dtb
  DTC     arch/arm/dts/imx8mm-var-som-symphony.dtb
  DTC     arch/arm/dts/imx8mm-venice.dtb
  DTC     arch/arm/dts/imx8mm-venice-gw71xx-0x.dtb
  DTC     arch/arm/dts/imx8mm-venice-gw72xx-0x.dtb
  DTC     arch/arm/dts/imx8mm-venice-gw73xx-0x.dtb
  DTC     arch/arm/dts/imx8mm-venice-gw7901.dtb
  DTC     arch/arm/dts/imx8mm-venice-gw7902.dtb
  DTC     arch/arm/dts/imx8mm-venice-gw7903.dtb
  DTC     arch/arm/dts/imx8mm-venice-gw7904.dtb
  DTC     arch/arm/dts/imx8mm-verdin-wifi-dev.dtb
  DTC     arch/arm/dts/phycore-imx8mm.dtb
  DTC     arch/arm/dts/imx8mn-bsh-smm-s2.dtb
  DTC     arch/arm/dts/imx8mn-bsh-smm-s2pro.dtb
  DTC     arch/arm/dts/imx8mn-ddr3l-evk.dtb
  DTC     arch/arm/dts/imx8mn-ddr4-evk.dtb
  DTC     arch/arm/dts/imx8mn-ddr4-ab2.dtb
  DTC     arch/arm/dts/imx8mq-cm.dtb
  DTC     arch/arm/dts/imx8mn-evk.dtb
  DTC     arch/arm/dts/imx8mn-ab2.dtb
  DTC     arch/arm/dts/imx8mn-var-som-symphony.dtb
  DTC     arch/arm/dts/imx8mn-venice.dtb
  DTC     arch/arm/dts/imx8mn-venice-gw7902.dtb
  DTC     arch/arm/dts/imx8mq-ddr3l-val.dtb
  DTC     arch/arm/dts/imx8mq-ddr4-val.dtb
  DTC     arch/arm/dts/imx8mq-evk.dtb
  DTC     arch/arm/dts/imx8mq-var-dart-dt8mcustomboard.dtb
  DTC     arch/arm/dts/imx8mm-beacon-kit.dtb
  DTC     arch/arm/dts/imx8mn-beacon-kit.dtb
  DTC     arch/arm/dts/imx8mq-mnt-reform2.dtb
  DTC     arch/arm/dts/imx8mq-phanbell.dtb
  DTC     arch/arm/dts/imx8mp-dhcom-pdk2.dtb
  DTC     arch/arm/dts/imx8mp-ddr4-evk.dtb
  DTC     arch/arm/dts/imx8mp-evk.dtb
  DTC     arch/arm/dts/imx8mp-icore-mx8mp-edimm2.2.dtb
  DTC     arch/arm/dts/imx8mp-msc-sm2s.dtb
  DTC     arch/arm/dts/imx8mp-phyboard-pollux-rdk.dtb
  DTC     arch/arm/dts/imx8mp-venice.dtb
  DTC     arch/arm/dts/imx8mp-venice-gw74xx.dtb
  DTC     arch/arm/dts/imx8mp-verdin-wifi-dev.dtb
  DTC     arch/arm/dts/imx8mp-var-dart-dt8mcustomboard.dtb
  DTC     arch/arm/dts/imx8mp-var-dart-1.x-dt8mcustomboard.dtb
  DTC     arch/arm/dts/imx8mp-var-som-symphony.dtb
  DTC     arch/arm/dts/imx8mq-pico-pi.dtb
  DTC     arch/arm/dts/imx8mq-kontron-pitx-imx8m.dtb
  DTC     arch/arm/dts/imx8mq-librem5-r4.dtb
  SHIPPED dts/dt.dtb
  CAT     u-boot-dtb.bin
  MKIMAGE u-boot.img
  COPY    u-boot.dtb
  MKIMAGE u-boot-dtb.img
  COPY    u-boot.bin
  LD      u-boot.elf
  CC      spl/./lib/asm-offsets.s
  CC      spl/./arch/arm/lib/asm-offsets.s
  LDS     spl/u-boot-spl.lds
  UPD     spl/./include/generated/asm-offsets.h
  UPD     spl/./include/generated/generic-asm-offsets.h
mkdir -p spl/dts/
  FDTGREP spl/dts/dt-spl.dtb
  AR      spl/arch/arm/cpu/built-in.o
  CC      spl/arch/arm/cpu/armv8/cpu.o
  AS      spl/arch/arm/lib/crt0_64.o
  CC      spl/board/variscite/imx8mp_var_dart/imx8mp_var_dart.o
  CC      spl/common/init/board_init.o
  CC      spl/common/spl/spl.o
  CC      spl/boot/image.o
  AS      spl/arch/arm/lib/setjmp_aarch64.o
  CC      spl/common/fdt_support.o
  AS      spl/arch/arm/mach-imx/imx8m/lowlevel_init.o
  CC      spl/cmd/nvedit.o
  CC      spl/arch/arm/lib/spl.o
  CC      spl/arch/arm/cpu/armv8/generic_timer.o
  AR      spl/env/built-in.o
  CC      spl/arch/arm/mach-imx/imx8m/clock_slice.o
  CC      spl/arch/arm/cpu/armv8/cache_v8.o
  CC      spl/arch/arm/mach-imx/imx8m/soc.o
  AS      spl/arch/arm/cpu/armv8/cache.o
  CC      spl/arch/arm/mach-imx/imx8m/clock_imx8mm.o
  CC      spl/common/console.o
  AR      spl/lib/crypto/built-in.o
  CC      spl/common/dlmalloc.o
  AR      spl/arch/arm/mach-imx/imx8m/built-in.o
  AR      spl/common/init/built-in.o
  AS      spl/arch/arm/cpu/armv8/tlb.o
  CC      spl/lib/libfdt/fdt.o
  CC      spl/common/malloc_simple.o
  CC      spl/arch/arm/mach-imx/iomux-v3.o
  AR      spl/cmd/built-in.o
  AS      spl/arch/arm/cpu/armv8/transition.o
  CC      spl/common/hash.o
  CC      spl/board/variscite/imx8mp_var_dart/../common/imx8_eeprom.o
  CC      spl/lib/libfdt/fdt_ro.o
  CC      spl/boot/image-board.o
  CC      spl/lib/libfdt/fdt_wip.o
  CC      spl/common/spl/spl_bootrom.o
  CC      spl/arch/arm/mach-imx/mmc_env.o
  CC      spl/arch/arm/cpu/armv8/fwcall.o
  CC      spl/boot/image-android.o
  CC      spl/boot/image-android-dt.o
  CC      spl/common/spl/spl_fit.o
  CC      spl/common/memsize.o
  CC      spl/arch/arm/lib/image.o
  CC      spl/lib/libfdt/fdt_strerror.o
  CC      spl/arch/arm/mach-imx/mac.o
  CC      spl/arch/arm/cpu/armv8/cpu-dt.o
  CC      spl/lib/libfdt/fdt_sw.o
  CC      spl/common/stdio.o
  CC      spl/arch/arm/lib/bootm-fdt.o
  CC      spl/board/variscite/imx8mp_var_dart/spl.o
  CC      spl/disk/part.o
  CC      spl/arch/arm/mach-imx/i2c-mxv7.o
  CC      spl/lib/libfdt/fdt_rw.o
  AS      spl/arch/arm/cpu/armv8/smccc-call.o
  CC      spl/drivers/block/blk-uclass.o
  CC      spl/common/cli.o
  CC      spl/arch/arm/lib/bdinfo.o
  CC      spl/disk/disk-uclass.o
  CC      spl/arch/arm/lib/sections.o
  CC      spl/arch/arm/mach-imx/cpu.o
  CC      spl/arch/arm/cpu/armv8/sha1_ce_glue.o
  AR      spl/drivers/block/built-in.o
  CC      spl/lib/libfdt/fdt_empty_tree.o
  CC      spl/common/dfu.o
  CC      spl/arch/arm/lib/stack.o
  CC      spl/common/command.o
  CC      spl/disk/part_dos.o
  CC      spl/arch/arm/mach-imx/misc.o
  CC      spl/lib/libfdt/fdt_addresses.o
  CC      spl/disk/part_efi.o
  AS      spl/arch/arm/cpu/armv8/sha1_ce_core.o
  CC      spl/arch/arm/lib/interrupts_64.o
  CC      spl/arch/arm/mach-imx/spl.o
  CC      spl/board/variscite/imx8mp_var_dart/lpddr4_timing.o
  AR      spl/drivers/bus/built-in.o
  CC      spl/common/s_record.o
  AR      spl/dts/built-in.o
  CC      spl/boot/image-fdt.o
  CC      spl/arch/arm/lib/reset.o
  CC      spl/arch/arm/cpu/armv8/sha256_ce_glue.o
  CC      spl/lib/libfdt/fdt_overlay.o
  AR      spl/board/variscite/imx8mp_var_dart/built-in.o
  AR      spl/disk/built-in.o
  CC      spl/boot/image-fit.o
  CC      spl/common/xyzModem.o
  CC      spl/arch/arm/mach-imx/dt_optee.o
  CC      spl/drivers/core/device.o
  CC      spl/arch/arm/lib/cache.o
  AS      spl/arch/arm/cpu/armv8/sha256_ce_core.o
  AR      spl/lib/libfdt/built-in.o
  AR      spl/drivers/clk/analogbits/built-in.o
  CC      spl/arch/arm/lib/psci-dt.o
  AR      spl/common/built-in.o
  CC      spl/drivers/clk/imx/clk-gate2.o
  CC      spl/boot/common_fit.o
  AS      spl/arch/arm/cpu/armv8/start.o
  CC      spl/fs/fs_internal.o
  CC      spl/arch/arm/mach-imx/spl_imx_romapi.o
  CC      spl/drivers/core/fdtaddr.o
  CC      spl/arch/arm/mach-imx/romapi.o
  AR      spl/drivers/clk/tegra/built-in.o
  AR      spl/arch/arm/lib/lib.a
  AR      spl/lib/rsa/built-in.o
  AR      spl/boot/built-in.o
  AR      spl/arch/arm/cpu/armv8/built-in.o
  AR      spl/fs/built-in.o
  CC      spl/drivers/clk/imx/clk-pllv3.o
  CC      spl/lib/hash-checksum.o
  CC      spl/drivers/core/lists.o
  AS      spl/arch/arm/lib/crt0_aarch64_efi.o
  CC      spl/drivers/clk/imx/clk-pfd.o
  CC      spl/drivers/core/root.o
  AR      spl/arch/arm/mach-imx/built-in.o
  CC      spl/drivers/clk/imx/clk-imx8mp.o
  CC      spl/drivers/core/uclass.o
  AR      spl/drivers/clk/ti/built-in.o
  CC      spl/lib/sha1.o
  CC      spl/arch/arm/lib/reloc_aarch64_efi.o
  CC      spl/drivers/clk/imx/clk-pll14xx.o
  CC      spl/lib/sha256.o
  CC      spl/drivers/clk/clk-uclass.o
  CC      spl/drivers/core/util.o
  CC      spl/drivers/clk/imx/clk-composite-8m.o
  CC      spl/drivers/core/tag.o
  COPY    spl/u-boot-spl.dtb
  CC      spl/drivers/core/simple-bus.o
  AR      spl/arch/arm/lib/built-in.o
  AR      spl/drivers/crypto/aspeed/built-in.o
  CC      spl/lib/sha512.o
  CC      spl/drivers/ddr/imx/imx8m/ddr_init.o
  CC      spl/drivers/gpio/gpio-uclass.o
  CC      spl/drivers/clk/clk_fixed_rate.o
  AR      spl/drivers/clk/imx/built-in.o
  CC      spl/drivers/i2c/i2c_core.o
  CC      spl/drivers/ddr/imx/imx8m/../phy/helper.o
  CC      spl/drivers/core/dump.o
  CC      spl/drivers/core/of_extra.o
  CC      spl/drivers/crypto/fsl/sec.o
  AR      spl/drivers/crypto/hash/built-in.o
  CC      spl/lib/fdtdec_common.o
  CC      spl/drivers/gpio/mxc_gpio.o
  CC      spl/drivers/clk/clk_fixed_factor.o
  CC      spl/drivers/clk/clk.o
  CC      spl/drivers/i2c/mxc_i2c.o
  CC      spl/drivers/clk/clk-divider.o
  CC      spl/drivers/core/ofnode.o
  CC      spl/drivers/crypto/fsl/jr.o
  CC      spl/drivers/ddr/imx/imx8m/../phy/ddrphy_utils.o
  CC      spl/drivers/ddr/imx/imx8m/../phy/ddrphy_train.o
  CC      spl/lib/fdtdec.o
  CC      spl/drivers/misc/misc-uclass.o
  AR      spl/drivers/gpio/built-in.o
  CC      spl/drivers/ddr/imx/imx8m/../phy/ddrphy_csr.o
  CC      spl/drivers/misc/mxc_ocotp.o
  CC      spl/lib/crc16-ccitt.o
  CC      spl/drivers/clk/clk-mux.o
  CC      spl/drivers/core/read_extra.o
  CC      spl/drivers/crypto/fsl/fsl_hash.o
  CC      spl/drivers/crypto/fsl/jobdesc.o
  AR      spl/drivers/i2c/built-in.o
  CC      spl/drivers/crypto/fsl/error.o
  AR      spl/drivers/crypto/nuvoton/built-in.o
  AR      spl/drivers/ddr/imx/imx8m/../phy/built-in.o
  AR      spl/drivers/mtd/built-in.o
  CC      spl/lib/net_utils.o
  AR      spl/drivers/misc/built-in.o
  CC      spl/drivers/crypto/fsl/fsl_blob.o
  CC      spl/drivers/clk/clk-gate.o
  AR      spl/drivers/core/built-in.o
  CC      spl/drivers/crypto/fsl/fsl_rsa.o
  CC      spl/drivers/clk/clk-fixed-factor.o
  CC      spl/lib/qsort.o
  AR      spl/drivers/ddr/imx/imx8m/built-in.o
  CC      spl/drivers/crypto/rsa_mod_exp/mod_exp_uclass.o
  CC      spl/lib/hashtable.o
  AR      spl/drivers/pinctrl/broadcom/built-in.o
  CC      spl/drivers/pinctrl/pinctrl-uclass.o
  CC      spl/drivers/clk/clk-composite.o
  AR      spl/drivers/crypto/fsl/built-in.o
  CC      spl/drivers/pinctrl/pinctrl-generic.o
  CC      spl/lib/errno.o
  CC      spl/drivers/pinctrl/nxp/pinctrl-imx.o
  AR      spl/drivers/crypto/rsa_mod_exp/built-in.o
  CC      spl/drivers/power/pmic/pmic_pca9450.o
  CC      spl/drivers/serial/serial.o
  CC      spl/drivers/serial/serial_mxc.o
  CC      spl/lib/display_options.o
  CC      spl/drivers/pinctrl/nxp/pinctrl-imx8m.o
  AR      spl/drivers/crypto/built-in.o
  CC      spl/lib/crc32.o
  AR      spl/drivers/clk/built-in.o
  AR      spl/drivers/power/pmic/built-in.o
  CC      spl/drivers/power/power_core.o
  CC      spl/lib/ctype.o
  CC      spl/drivers/power/power_i2c.o
  AR      spl/drivers/serial/built-in.o
  AR      spl/drivers/power/regulator/built-in.o
  CC      spl/lib/div64.o
  AR      spl/drivers/pinctrl/nxp/built-in.o
  CC      spl/lib/hang.o
  CC      spl/lib/linux_compat.o
  CC      spl/lib/linux_string.o
  CC      spl/lib/membuff.o
  CC      spl/lib/lmb.o
  CC      spl/lib/slre.o
  AR      spl/drivers/soc/built-in.o
  AR      spl/drivers/power/built-in.o
  CC      spl/drivers/watchdog/wdt-uclass.o
  AR      spl/drivers/pinctrl/built-in.o
  CC      spl/lib/string.o
  CC      spl/lib/tables_csum.o
  CC      spl/lib/time.o
  CC      spl/lib/hexdump.o
  CC      spl/lib/uuid.o
  CC      spl/lib/rand.o
  CC      spl/lib/panic.o
  CC      spl/lib/tiny-printf.o
  CC      spl/lib/strto.o
  AR      spl/drivers/watchdog/built-in.o
  CC      spl/lib/abuf.o
  CC      spl/lib/date.o
  CC      spl/lib/rtc-lib.o
  CC      spl/lib/elf.o
  AR      spl/drivers/built-in.o
  AR      spl/lib/built-in.o
  AR      spl/common/spl/built-in.o
  LD      spl/u-boot-spl
  OBJCOPY spl/u-boot-spl-nodtb.bin
  SYM     spl/u-boot-spl.sym
  CAT     spl/u-boot-spl-dtb.bin
  COPY    spl/u-boot-spl.bin
  CFGS    spl/u-boot-spl.cfgout
  OFCHK   .config
[2026-10-06 12:15:42] U-Boot built
[2026-10-06 12:15:42] Downloading DDR firmware...

     0K .......... .......... .......... .......... ..........  3% 1.47M 1s
    50K .......... .......... .......... .......... ..........  6% 2.04M 1s
   100K .......... .......... .......... .......... .......... 10% 4.25M 1s
   150K .......... .......... .......... .......... .......... 13% 1.01M 1s
   200K .......... .......... .......... .......... .......... 16% 50.8M 1s
   250K .......... .......... .......... .......... .......... 20% 13.2M 0s
   300K .......... .......... .......... .......... .......... 23% 10.8M 0s
   350K .......... .......... .......... .......... .......... 27% 12.5M 0s
   400K .......... .......... .......... .......... .......... 30% 5.47M 0s
   450K .......... .......... .......... .......... .......... 33% 11.2M 0s
   500K .......... .......... .......... .......... .......... 37% 13.8M 0s
   550K .......... .......... .......... .......... .......... 40% 9.67M 0s
   600K .......... .......... .......... .......... .......... 43% 43.5M 0s
   650K .......... .......... .......... .......... .......... 47% 4.65M 0s
   700K .......... .......... .......... .......... .......... 50% 55.0M 0s
   750K .......... .......... .......... .......... .......... 54% 54.9M 0s
   800K .......... .......... .......... .......... .......... 57% 48.0M 0s
   850K .......... .......... .......... .......... .......... 60% 1.54M 0s
   900K .......... .......... .......... .......... .......... 64% 68.7M 0s
   950K .......... .......... .......... .......... .......... 67% 77.8M 0s
  1000K .......... .......... .......... .......... .......... 71% 11.3M 0s
  1050K .......... .......... .......... .......... .......... 74% 28.5M 0s
  1100K .......... .......... .......... .......... .......... 77%  989K 0s
  1150K .......... .......... .......... .......... .......... 81% 37.6M 0s
  1200K .......... .......... .......... .......... .......... 84% 24.2M 0s
  1250K .......... .......... .......... .......... .......... 87% 6.20M 0s
  1300K .......... .......... .......... .......... .......... 91% 11.8M 0s
  1350K .......... .......... .......... .......... .......... 94% 37.3M 0s
  1400K .......... .......... .......... .......... .......... 98% 11.3M 0s
  1450K .......... .......... .......                         100% 61.4M=0.3sWelcome to NXP firmware-imx-8.18.bin

WARNING: EULA has been auto-accepted; this implies that you agree with it.
Unpacking file ................................................................................ done
[2026-10-06 12:15:43] DDR firmware ready
[2026-10-06 12:15:43] Cloning https://github.com/varigit/imx-atf.git → /home/ellenhsiao/build-target/imx-boot-tools/imx-atf
Cloning into '/home/ellenhsiao/build-target/imx-boot-tools/imx-atf'...
[2026-10-06 12:15:45] Cloning https://github.com/varigit/meta-variscite-bsp.git → /home/ellenhsiao/build-target/imx-boot-tools/meta-variscite-bsp
Cloning into '/home/ellenhsiao/build-target/imx-boot-tools/meta-variscite-bsp'...
[2026-10-06 12:15:45] Cloning https://github.com/nxp-imx/imx-mkimage.git → /home/ellenhsiao/build-target/imx-boot-tools/imx-mkimage
Cloning into '/home/ellenhsiao/build-target/imx-boot-tools/imx-mkimage'...
[2026-10-06 12:15:46] Applying 0001-iMX8M-soc-allow-dtb-override.patch
[2026-10-06 12:15:46] Applying 0002-iMX8M-soc-change-padding-of-DDR4-and-LPDDR4-DMEM-fir.patch
  CC      bl31/bl31_context_mgmt.c
  CC      bl31/bl31_main.c
  CC      bl31/interrupt_mgmt.c
  CC      common/runtime_svc.c
  CC      drivers/arm/gic/v3/arm_gicv3_common.c
  CC      drivers/arm/gic/v3/gic-x00.c
  CC      drivers/arm/gic/v3/gicdv3_helpers.c
  CC      drivers/arm/gic/v3/gicrv3_helpers.c
  CC      drivers/arm/gic/v3/gicv3_helpers.c
  CC      drivers/arm/gic/v3/gicv3_main.c
  CC      drivers/arm/tzc/tzc380.c
  CC      drivers/delay_timer/delay_timer.c
  CC      drivers/delay_timer/generic_delay_timer.c
  CC      lib/cpus/errata_report.c
  CC      lib/el3_runtime/aarch64/context_mgmt.c
  CC      lib/el3_runtime/cpu_data_array.c
  CC      lib/extensions/spe/spe.c
  CC      lib/extensions/sve/sve.c
  CC      lib/locks/bakery/bakery_lock_coherent.c
  CC      lib/psci/psci_common.c
  CC      lib/psci/psci_main.c
  CC      lib/psci/psci_mem_protect.c
  CC      lib/psci/psci_off.c
  CC      lib/psci/psci_on.c
  CC      lib/psci/psci_setup.c
  CC      lib/psci/psci_suspend.c
  CC      lib/psci/psci_system_off.c
  CC      lib/xlat_tables_v2/aarch64/xlat_tables_arch.c
  CC      lib/xlat_tables_v2/xlat_tables_context.c
  CC      lib/xlat_tables_v2/xlat_tables_core.c
  CC      lib/xlat_tables_v2/xlat_tables_utils.c
  CC      plat/common/plat_gicv3.c
  CC      plat/common/plat_psci_common.c
  CC      plat/imx/common/imx8_topology.c
  CC      plat/imx/common/imx_sip_handler.c
  CC      plat/imx/common/imx_sip_svc.c
  CC      plat/imx/common/plat_imx8_gic.c
  CC      plat/imx/imx8m/ddr/clock.c
  CC      plat/imx/imx8m/ddr/ddr4_dvfs.c
  CC      plat/imx/imx8m/ddr/dram.c
  CC      plat/imx/imx8m/ddr/dram_retention.c
  CC      plat/imx/imx8m/ddr/lpddr4_dvfs.c
  CC      plat/imx/imx8m/gpc_common.c
  CC      plat/imx/imx8m/imx8m_caam.c
  CC      plat/imx/imx8m/imx8m_csu.c
  CC      plat/imx/imx8m/imx8m_psci_common.c
  CC      plat/imx/imx8m/imx8m_snvs.c
  CC      plat/imx/imx8m/imx8mp/gpc.c
  CC      plat/imx/imx8m/imx8mp/imx8mp_bl31_setup.c
  CC      plat/imx/imx8m/imx8mp/imx8mp_psci.c
  CC      plat/imx/imx8m/imx_aipstz.c
  CC      plat/imx/imx8m/imx_hab.c
  CC      plat/imx/imx8m/imx_rdc.c
  CC      services/arm_arch_svc/arm_arch_svc_setup.c
  CC      services/std_svc/std_svc_setup.c
  CC      common/bl_common.c
  CC      common/tf_log.c
  CC      drivers/console/multi_console.c
  CC      plat/common/plat_bl_common.c
  CC      plat/common/plat_log_common.c
  CC      plat/common/aarch64/plat_common.c
  CC      lib/compiler-rt/builtins/popcountdi2.c
  CC      lib/compiler-rt/builtins/popcountsi2.c
  AS      bl31/aarch64/bl31_entrypoint.S
  AS      bl31/aarch64/crash_reporting.S
  AS      bl31/aarch64/ea_delegate.S
  AS      bl31/aarch64/runtime_exceptions.S
  AS      lib/cpus/aarch64/cortex_a53.S
  AS      lib/cpus/aarch64/cpu_helpers.S
  AS      lib/cpus/aarch64/dsu_helpers.S
  AS      lib/cpus/aarch64/wa_cve_2017_5715_bpiall.S
  AS      lib/cpus/aarch64/wa_cve_2017_5715_mmu.S
  AS      lib/el3_runtime/aarch64/context.S
  AS      lib/el3_runtime/aarch64/cpu_data.S
  AS      lib/locks/exclusive/aarch64/spinlock.S
  AS      lib/psci/aarch64/psci_helpers.S
  AS      lib/xlat_tables_v2/aarch64/enable_mmu.S
  AS      plat/common/aarch64/platform_mp_stack.S
  AS      plat/imx/common/imx8_helpers.S
  AS      plat/imx/common/imx_uart_console.S
  AS      common/aarch64/debug.S
  AS      lib/aarch64/cache_helpers.S
  AS      lib/aarch64/misc_helpers.S
  AS      plat/common/aarch64/platform_helpers.S
  PP      bl31/bl31.ld.S
  CC      lib/libc/abort.c
  CC      lib/libc/assert.c
  CC      lib/libc/exit.c
  CC      lib/libc/memchr.c
  CC      lib/libc/memcmp.c
  CC      lib/libc/memcpy.c
  CC      lib/libc/memmove.c
  CC      lib/libc/memrchr.c
  CC      lib/libc/memset.c
  CC      lib/libc/printf.c
  CC      lib/libc/putchar.c
  CC      lib/libc/puts.c
  CC      lib/libc/snprintf.c
  CC      lib/libc/strchr.c
  CC      lib/libc/strcmp.c
  CC      lib/libc/strlcat.c
  CC      lib/libc/strlcpy.c
  CC      lib/libc/strlen.c
  CC      lib/libc/strncmp.c
  CC      lib/libc/strnlen.c
  CC      lib/libc/strrchr.c
  CC      lib/libc/strtok.c
  CC      lib/libc/strtoul.c
  CC      lib/libc/strtoll.c
  CC      lib/libc/strtoull.c
  CC      lib/libc/strtol.c
  AS      lib/libc/aarch64/setjmp.S
  AR      /home/ellenhsiao/build-target/imx-boot-tools/imx-atf/build/imx8mp/release/lib/libc.a
  LD      /home/ellenhsiao/build-target/imx-boot-tools/imx-atf/build/imx8mp/release/bl31/bl31.elf
  BIN     /home/ellenhsiao/build-target/imx-boot-tools/imx-atf/build/imx8mp/release/bl31.bin
  OD      /home/ellenhsiao/build-target/imx-boot-tools/imx-atf/build/imx8mp/release/bl31/bl31.dump

Built /home/ellenhsiao/build-target/imx-boot-tools/imx-atf/build/imx8mp/release/bl31.bin successfully

[2026-10-06 12:15:46] ATF (bl31.bin) ready
[2026-10-06 12:15:46] mkimage environment prepared
make: *** No rule to make target '..//mkimage_imx8.c', needed by 'mkimage_imx8'.  Stop.
[2026-10-06 13:45:06] Updating /home/ellenhsiao/build-target/uboot-imx (lf_v2023.04_var02)
Already on 'lf_v2023.04_var02'
Your branch is up to date with 'origin/lf_v2023.04_var02'.
From https://github.com/varigit/uboot-imx
 * branch              lf_v2023.04_var02 -> FETCH_HEAD
Already up to date.
  CLEAN   dts/../arch/arm/dts
  CLEAN   dts
  CLEAN   lib/efi_loader
  CLEAN   tools
  CLEAN   tools/lib tools/common
  CLEAN   spl/arch spl/board spl/boot spl/cmd spl/common spl/disk spl/drivers spl/dts spl/env spl/fs spl/lib spl/spl spl/u-boot.cfg spl/u-boot-spl spl/u-boot-spl.bin spl/u-boot-spl.cfgout spl/u-boot-spl.dtb spl/u-boot-spl-dtb.bin spl/u-boot-spl.lds spl/u-boot-spl.map spl/u-boot-spl-nodtb.bin spl/u-boot-spl.sym
  CLEAN   include/generated/env.in include/generated/env.txt u-boot u-boot.bin u-boot.cfg u-boot.dtb u-boot-dtb.bin u-boot-dtb.img u-boot.elf u-boot-elf.lds u-boot-elf.o u-boot.img u-boot.lds u-boot.map u-boot-nodtb.bin u-boot.srec u-boot.sym System.map
  CLEAN   scripts/basic
  CLEAN   scripts/dtc
  CLEAN   scripts/kconfig
  CLEAN   include/config include/generated spl
  CLEAN   .config .config.old include/autoconf.mk include/autoconf.mk.dep include/config.h
  HOSTCC  scripts/basic/fixdep
  HOSTCC  scripts/kconfig/conf.o
  YACC    scripts/kconfig/zconf.tab.c
  LEX     scripts/kconfig/zconf.lex.c
  HOSTCC  scripts/kconfig/zconf.tab.o
  HOSTLD  scripts/kconfig/conf
#
# configuration written to .config
#
scripts/kconfig/conf  --syncconfig Kconfig
  UPD     include/config.h
  CFG     u-boot.cfg
  GEN     include/autoconf.mk.dep
  CFG     spl/u-boot.cfg
  GEN     include/autoconf.mk
  GEN     spl/include/autoconf.mk
  UPD     include/generated/dt.h
  ENVC    include/generated/env.txt
  UPD     include/generated/timestamp_autogenerated.h
  UPD     include/config/uboot.release
  ENVP    include/generated/env.in
  ENVT    include/generated/environment.h
  HOSTCC  scripts/dtc/dtc.o
  UPD     include/generated/version_autogenerated.h
  HOSTCC  scripts/dtc/flattree.o
  HOSTCC  scripts/dtc/fstree.o
  HOSTCC  scripts/dtc/data.o
  HOSTCC  scripts/dtc/livetree.o
  HOSTCC  scripts/dtc/treesource.o
  HOSTCC  scripts/dtc/srcpos.o
  HOSTCC  scripts/dtc/checks.o
  HOSTCC  scripts/dtc/util.o
  LEX     scripts/dtc/dtc-lexer.lex.c
  YACC    scripts/dtc/dtc-parser.tab.h
  YACC    scripts/dtc/dtc-parser.tab.c
  CC      lib/asm-offsets.s
  CC      arch/arm/lib/asm-offsets.s
  UPD     include/generated/asm-offsets.h
  UPD     include/generated/generic-asm-offsets.h
  LDS     u-boot.lds
  LDS     u-boot-elf.lds
  HOSTCC  scripts/dtc/dtc-lexer.lex.o
  HOSTCC  scripts/dtc/dtc-parser.tab.o
  HOSTLD  scripts/dtc/dtc
  HOSTCC  tools/gen_eth_addr
  HOSTCC  tools/gen_ethaddr_crc.o
  WRAP    tools/lib/crc8.c
  HOSTCC  tools/img2srec
  HOSTCC  tools/mkenvimage.o
  HOSTCC  tools/os_support.o
  WRAP    tools/lib/crc32.c
  HOSTCC  tools/aisimage.o
  HOSTCC  tools/atmelimage.o
  HOSTCC  tools/fit_common.o
  HOSTCC  tools/fit_image.o
  HOSTCC  tools/image-host.o
  HOSTCC  tools/boot/image-fit.o
  HOSTCC  tools/image-sig-host.o
  HOSTCC  tools/boot/image-fit-sig.o
  HOSTCC  tools/boot/image-cipher.o
  HOSTCC  tools/boot/fdt_region.o
  HOSTCC  tools/boot/bootm.o
  HOSTCC  tools/lib/crc32.o
  HOSTCC  tools/default_image.o
  WRAP    tools/lib/fdtdec_common.c
  WRAP    tools/lib/fdtdec.c
  HOSTCC  tools/boot/image.o
  HOSTCC  tools/boot/image-host.o
  HOSTCC  tools/imagetool.o
  HOSTCC  tools/imximage.o
  HOSTCC  tools/imx8image.o
  HOSTCC  tools/imx8mimage.o
  HOSTCC  tools/kwbimage.o
  WRAP    tools/lib/md5.c
  HOSTCC  tools/lpc32xximage.o
  HOSTCC  tools/mxsimage.o
  HOSTCC  tools/omapimage.o
  HOSTCC  tools/pblimage.o
  HOSTCC  tools/pbl_crc32.o
  HOSTCC  tools/vybridimage.o
  HOSTCC  tools/stm32image.o
  WRAP    tools/lib/rc4.c
  HOSTCC  tools/rkcommon.o
  HOSTCC  tools/rkimage.o
  HOSTCC  tools/rksd.o
  HOSTCC  tools/rkspi.o
  HOSTCC  tools/socfpgaimage.o
  HOSTCC  tools/sunxi_egon.o
  WRAP    tools/lib/crc16-ccitt.c
  WRAP    tools/lib/hash-checksum.c
  WRAP    tools/lib/sha1.c
  WRAP    tools/lib/sha256.c
  WRAP    tools/lib/sha512.c
  WRAP    tools/common/hash.c
  HOSTCC  tools/ublimage.o
  HOSTCC  tools/zynqimage.o
  HOSTCC  tools/zynqmpimage.o
  HOSTCC  tools/zynqmpbif.o
  WRAP    tools/lib/fdt-libcrypto.c
  HOSTCC  tools/sunxi_toc0.o
  HOSTCC  tools/libfdt/fdt.o
  HOSTCC  tools/libfdt/fdt_ro.o
  HOSTCC  tools/libfdt/fdt_wip.o
  HOSTCC  tools/libfdt/fdt_sw.o
  HOSTCC  tools/libfdt/fdt_rw.o
  HOSTCC  tools/libfdt/fdt_strerror.o
  HOSTCC  tools/libfdt/fdt_empty_tree.o
  HOSTCC  tools/libfdt/fdt_addresses.o
  HOSTCC  tools/libfdt/fdt_overlay.o
  HOSTCC  tools/gpimage.o
  HOSTCC  tools/gpimage-common.o
  HOSTCC  tools/mtk_image.o
  HOSTCC  tools/mtk_nand_headers.o
  WRAP    tools/lib/ecdsa/ecdsa-libcrypto.c
  WRAP    tools/lib/rsa/rsa-sign.c
  WRAP    tools/lib/rsa/rsa-verify.c
  WRAP    tools/lib/rsa/rsa-mod-exp.c
  WRAP    tools/lib/aes/aes-encrypt.c
  WRAP    tools/lib/aes/aes-decrypt.c
  HOSTCC  tools/dumpimage.o
  HOSTCC  tools/lib/fdtdec_common.o
  HOSTCC  tools/lib/fdtdec.o
  HOSTCC  tools/lib/md5.o
  HOSTCC  tools/lib/rc4.o
  HOSTCC  tools/lib/crc16-ccitt.o
  HOSTCC  tools/lib/sha1.o
  HOSTCC  tools/lib/hash-checksum.o
  HOSTCC  tools/lib/sha256.o
  HOSTCC  tools/lib/sha512.o
  HOSTCC  tools/common/hash.o
  HOSTCC  tools/lib/fdt-libcrypto.o
  HOSTCC  tools/lib/ecdsa/ecdsa-libcrypto.o
  HOSTCC  tools/lib/rsa/rsa-sign.o
  HOSTCC  tools/lib/rsa/rsa-verify.o
  HOSTCC  tools/lib/rsa/rsa-mod-exp.o
  HOSTCC  tools/lib/aes/aes-encrypt.o
  HOSTCC  tools/lib/aes/aes-decrypt.o
  HOSTCC  tools/mkimage.o
  HOSTCC  tools/fit_info.o
  HOSTCC  tools/fit_check_sign.o
  HOSTCC  tools/proftool.o
  WRAP    tools/lib/abuf.c
  HOSTCC  tools/relocate-rela
  HOSTCC  tools/fdtgrep.o
  HOSTCC  tools/spl_size_limit
  HOSTCC  tools/mkeficapsule
  HOSTCC  tools/lib/crc8.o
  HOSTLD  tools/mkenvimage
  HOSTCC  tools/lib/abuf.o
  HOSTLD  tools/gen_ethaddr_crc
  HOSTLD  tools/dumpimage
  HOSTLD  tools/mkimage
  HOSTLD  tools/fit_info
  HOSTLD  tools/fit_check_sign
  HOSTLD  tools/fdtgrep
  HOSTLD  tools/proftool
  AR      arch/arm/cpu/built-in.o
  CC      arch/arm/cpu/armv8/cpu.o
  CC      arch/arm/cpu/armv8/generic_timer.o
  CC      arch/arm/cpu/armv8/cache_v8.o
  AS      arch/arm/cpu/armv8/cache.o
  AS      arch/arm/lib/crt0_64.o
  AS      arch/arm/cpu/armv8/exceptions.o
  AS      arch/arm/lib/setjmp_aarch64.o
  CC      arch/arm/cpu/armv8/exception_level.o
  AS      arch/arm/lib/relocate_64.o
  CC      board/variscite/imx8mp_var_dart/imx8mp_var_dart.o
  AS      arch/arm/mach-imx/imx8m/lowlevel_init.o
  CC      board/variscite/imx8mp_var_dart/../common/imx8_eeprom.o
  CC      arch/arm/lib/bootm-fdt.o
  CC      arch/arm/mach-imx/imx8m/clock_slice.o
  CC      boot/bootm.o
  CC      arch/arm/mach-imx/iomux-v3.o
  CC      arch/arm/mach-imx/imx8m/soc.o
  CC      boot/bootm_os.o
  CC      arch/arm/mach-imx/imx8m/clock_imx8mm.o
  AS      arch/arm/cpu/armv8/tlb.o
  CC      arch/arm/lib/bootm.o
  CC      arch/arm/lib/image.o
  CC      arch/arm/lib/bdinfo.o
  AS      arch/arm/cpu/armv8/transition.o
  CC      arch/arm/mach-imx/imx_bootaux.o
  CC      board/variscite/imx8mp_var_dart/../common/mmc.o
  CC      arch/arm/mach-imx/mmc_env.o
  CC      arch/arm/cpu/armv8/fwcall.o
  CC      boot/pxe_utils.o
  CC      arch/arm/cpu/armv8/cpu-dt.o
  AR      arch/arm/mach-imx/imx8m/built-in.o
  CC      arch/arm/lib/sections.o
  CC      boot/image.o
  CC      arch/arm/mach-imx/mac.o
  CC      cmd/boot.o
  CC      cmd/bootm.o
  CC      board/variscite/imx8mp_var_dart/../common/eth.o
  AR      cmd/arm/built-in.o
  CC      cmd/help.o
  AS      arch/arm/cpu/armv8/smccc-call.o
  CC      arch/arm/lib/stack.o
  CC      arch/arm/lib/interrupts_64.o
  CC      board/variscite/imx8mp_var_dart/../common/extcon-ptn5150.o
  CC      arch/arm/lib/cache.o
  CC      board/variscite/imx8mp_var_dart/../common/imx8_dram.o
  CC      arch/arm/mach-imx/i2c-mxv7.o
  CC      boot/image-board.o
  CC      arch/arm/mach-imx/cpu.o
  CC      arch/arm/cpu/armv8/sha1_ce_glue.o
  CC      cmd/panic.o
  CC      common/init/board_init.o
  CC      arch/arm/mach-imx/misc.o
  CC      arch/arm/mach-imx/dt_optee.o
  CC      arch/arm/lib/psci-dt.o
  CC      arch/arm/mach-imx/spl_imx_romapi.o
  CC      arch/arm/mach-imx/romapi.o
  AR      board/variscite/imx8mp_var_dart/built-in.o
  AS      arch/arm/cpu/armv8/sha1_ce_core.o
  CC      common/main.o
  CC      cmd/version.o
  CC      boot/image-android.o
  AR      common/init/built-in.o
  CC      boot/image-android-dt.o
  AR      arch/arm/lib/lib.a
  CC      cmd/blk_common.o
  CC      boot/bootdev-uclass.o
  CC      arch/arm/cpu/armv8/sha256_ce_glue.o
  AR      arch/arm/mach-imx/built-in.o
  AS      arch/arm/lib/crt0_aarch64_efi.o
  CC      common/exports.o
  AS      arch/arm/cpu/armv8/sha256_ce_core.o
  CC      disk/part.o
  CC      boot/bootflow.o
  AS      arch/arm/cpu/armv8/start.o
  CC      boot/bootmeth-uclass.o
  CC      cmd/bootflow.o
  CC      arch/arm/lib/reloc_aarch64_efi.o
  CC      common/cli_hush.o
  CC      disk/disk-uclass.o
  AR      arch/arm/cpu/armv8/built-in.o
  CC      disk/part_dos.o
  CC      boot/bootstd-uclass.o
  AR      drivers/usb/cdns3/built-in.o
  CC      boot/bootmeth_distro.o
  AR      arch/arm/lib/built-in.o
  CC      cmd/source.o
  CC      drivers/usb/common/common.o
  AR      drivers/adc/built-in.o
  CC      common/autoboot.o
  CC      cmd/bdinfo.o
  CC      disk/part_iso.o
  CC      cmd/blkcache.o
  AR      drivers/ata/built-in.o
  CC      disk/part_efi.o
  CC      cmd/bootefi.o
  AR      drivers/usb/common/built-in.o
  CC      boot/bootmeth_pxe.o
  AR      drivers/axi/built-in.o
  CC      cmd/booti.o
  CC      boot/bootmeth_efi.o
  CC      common/board_f.o
  CC      drivers/block/blk-uclass.o
  AR      drivers/bus/built-in.o
  AR      disk/built-in.o
  AR      drivers/cache/built-in.o
  CC      drivers/block/blkcache.o
  CC      drivers/usb/dwc3/core.o
  CC      common/board_r.o
  CC      boot/image-fdt.o
  CC      drivers/core/device.o
  CC      drivers/usb/dwc3/gadget.o
  CC      drivers/core/fdtaddr.o
  AR      drivers/clk/analogbits/built-in.o
  CC      boot/fdt_region.o
  CC      drivers/clk/imx/clk-gate2.o
  AR      drivers/block/built-in.o
  CC      boot/image-fit.o
  AR      drivers/usb/emul/built-in.o
  CC      drivers/usb/dwc3/ep0.o
  CC      common/board_info.o
  CC      cmd/cache.o
  CC      boot/image-sig.o
  CC      drivers/core/lists.o
  CC      boot/image-fit-sig.o
  CC      drivers/clk/imx/clk-pllv3.o
  CC      drivers/clk/imx/clk-pfd.o
  AR      drivers/clk/tegra/built-in.o
  CC      drivers/clk/clk-uclass.o
  AR      drivers/clk/ti/built-in.o
  CC      cmd/clk.o
  CC      common/fdt_support.o
  CC      drivers/core/root.o
  CC      common/miiphyutil.o
  AR      drivers/usb/dwc3/dwc3.o
  CC      boot/vbe.o
  CC      cmd/console.o
  CC      drivers/clk/clk_fixed_rate.o
  CC      drivers/clk/imx/clk-imx8mp.o
  CC      drivers/clk/clk_fixed_factor.o
  AR      drivers/usb/dwc3/built-in.o
  CC      cmd/date.o
  CC      drivers/core/uclass.o
  CC      common/usb.o
  CC      boot/vbe_request.o
  CC      drivers/core/util.o
  CC      drivers/clk/imx/clk-pll14xx.o
  CC      cmd/dm.o
  CC      drivers/clk/clk.o
  CC      drivers/core/tag.o
  CC      drivers/clk/clk-divider.o
  AR      drivers/usb/eth/built-in.o
  CC      drivers/clk/imx/clk-composite-8m.o
  CC      drivers/usb/gadget/epautoconf.o
  CC      boot/vbe_simple.o
  CC      cmd/echo.o
  CC      cmd/efidebug.o
  CC      common/usb_hub.o
  CC      boot/vbe_simple_os.o
  CC      drivers/core/device-remove.o
  CC      common/usb_storage.o
  CC      drivers/core/simple-bus.o
  CC      drivers/dfu/dfu.o
  AR      drivers/crypto/aspeed/built-in.o
  AR      drivers/clk/imx/built-in.o
  CC      drivers/dfu/dfu_mmc.o
  CC      drivers/usb/gadget/config.o
  CC      cmd/eficonfig.o
  CC      cmd/elf.o
  CC      drivers/usb/gadget/usbstring.o
  AR      boot/built-in.o
  CC      drivers/core/dump.o
  CC      drivers/crypto/fsl/sec.o
  CC      common/iomux.o
  AR      drivers/crypto/hash/built-in.o
  CC      drivers/usb/gadget/g_dnl.o
  CC      drivers/clk/clk-mux.o
  CC      drivers/clk/clk-gate.o
  CC      drivers/dfu/dfu_ram.o
  CC      drivers/crypto/fsl/jr.o
  CC      drivers/dfu/dfu_alt.o
  CC      drivers/core/regmap.o
  CC      common/splash.o
  CC      cmd/exit.o
  CC      drivers/crypto/fsl/fsl_hash.o
  CC      drivers/firmware/firmware-uclass.o
  CC      drivers/crypto/fsl/jobdesc.o
  CC      drivers/usb/gadget/f_dfu.o
  CC      drivers/clk/clk-fixed-factor.o
  CC      drivers/firmware/psci.o
  CC      drivers/fastboot/fb_fsl/fb_fsl_dev.o
  CC      common/menu.o
  CC      cmd/ext4.o
  AR      drivers/dfu/built-in.o
  CC      drivers/core/syscon-uclass.o
  CC      common/update.o
  CC      drivers/core/of_extra.o
  CC      drivers/fastboot/fb_common.o
  CC      drivers/crypto/fsl/error.o
  CC      drivers/clk/clk-composite.o
  CC      drivers/usb/gadget/f_mass_storage.o
  CC      drivers/crypto/fsl/fsl_blob.o
  AR      drivers/firmware/built-in.o
  CC      drivers/usb/gadget/f_fastboot.o
  CC      cmd/ext2.o
  CC      common/cli_getch.o
  CC      drivers/fastboot/fb_fsl/fb_fsl_boot.o
  CC      drivers/crypto/fsl/fsl_rsa.o
  CC      drivers/core/ofnode.o
  CC      drivers/fastboot/fb_fsl/fb_fsl_command.o
  CC      drivers/core/read_extra.o
  AR      drivers/clk/built-in.o
  CC      cmd/fat.o
  AR      drivers/crypto/nuvoton/built-in.o
  CC      common/cli_readline.o
  AR      drivers/usb/gadget/built-in.o
  CC      drivers/crypto/rsa_mod_exp/mod_exp_uclass.o
  AR      drivers/crypto/fsl/built-in.o
  CC      drivers/fastboot/fb_fsl/fb_fsl_common.o
  CC      drivers/fastboot/fb_fsl/fb_fsl_getvar.o
  CC      drivers/usb/gadget/udc/udc-core.o
  CC      cmd/fdt.o
  CC      cmd/fs.o
  CC      common/cli_simple.o
  AR      drivers/core/built-in.o
  CC      common/console.o
  CC      cmd/fuse.o
  CC      common/dlmalloc.o
  CC      drivers/usb/host/usb-uclass.o
  AR      drivers/crypto/rsa_mod_exp/built-in.o
  CC      cmd/gettime.o
  CC      drivers/fastboot/fb_fsl/fb_fsl_partitions.o
  CC      drivers/usb/gadget/udc/udc-uclass.o
  CC      drivers/usb/host/usb_bootdev.o
  CC      drivers/usb/host/xhci.o
  AR      drivers/crypto/built-in.o
  CC      common/malloc_simple.o
  AR      drivers/usb/imx/built-in.o
  CC      common/event.o
  CC      drivers/usb/host/xhci-mem.o
  AR      drivers/usb/isp1760/built-in.o
  CC      cmd/gpio.o
  AR      drivers/usb/gadget/udc/built-in.o
  CC      drivers/gpio/gpio-uclass.o
  AR      drivers/fastboot/fb_fsl/built-in.o
  CC      drivers/gpio/pca953x_gpio.o
  CC      drivers/gpio/mxc_gpio.o
  CC      common/hash.o
  AR      drivers/usb/mtu3/built-in.o
  CC      cmd/i2c.o
  CC      drivers/i2c/i2c-uclass.o
  CC      drivers/usb/host/xhci-ring.o
  CC      drivers/input/key_matrix.o
  AR      drivers/fastboot/built-in.o
  AR      drivers/iommu/built-in.o
  AR      drivers/gpio/built-in.o
  CC      drivers/led/led-uclass.o
  AR      drivers/mailbox/built-in.o
  CC      common/memsize.o
  CC      drivers/i2c/mxc_i2c.o
  AR      drivers/input/built-in.o
  CC      cmd/hash.o
  CC      drivers/usb/host/xhci-dwc3.o
  AR      drivers/usb/musb/built-in.o
  CC      common/stdio.o
  CC      cmd/itest.o
  CC      cmd/led.o
  AR      drivers/memory/built-in.o
  AR      drivers/usb/musb-new/built-in.o
  CC      drivers/usb/host/xhci-imx8m.o
  CC      drivers/led/led_gpio.o
  CC      cmd/load.o
  AR      drivers/i2c/built-in.o
  AR      drivers/usb/phy/built-in.o
  CC      common/cli.o
  CC      cmd/mem.o
  AR      drivers/usb/ulpi/built-in.o
  AR      drivers/mfd/built-in.o
  CC      drivers/misc/misc-uclass.o
  CC      cmd/mii.o
  CC      drivers/mmc/mmc.o
  CC      common/dfu.o
  AR      drivers/led/built-in.o
  CC      env/common.o
  CC      env/env.o
  AR      drivers/usb/host/built-in.o
  CC      drivers/mmc/mmc-uclass.o
  CC      cmd/mdio.o
  CC      env/attr.o
  CC      common/command.o
  CC      common/s_record.o
  CC      drivers/misc/mxc_ocotp.o
  CC      cmd/sleep.o
  CC      cmd/mmc.o
  CC      common/xyzModem.o
  CC      env/flags.o
  CC      cmd/net.o
  CC      drivers/mmc/mmc_bootdev.o
  CC      env/callback.o
  CC      cmd/nvedit_efi.o
  CC      drivers/mmc/mmc_write.o
  AR      drivers/misc/built-in.o
  CC      cmd/part.o
  CC      drivers/mmc/mmc_boot.o
  AR      drivers/mtd/nand/built-in.o
  AR      common/built-in.o
  CC      env/nowhere.o
  CC      env/mmc.o
  CC      drivers/mmc/fsl_esdhc_imx.o
  CC      fs/ext4/ext4fs.o
  CC      cmd/pinmux.o
  AR      drivers/mtd/onenand/built-in.o
  CC      fs/ext4/ext4_common.o
  AR      drivers/mtd/spi/built-in.o
  AR      drivers/net/mscc_eswitch/built-in.o
  CC      fs/fat/fat_write.o
  CC      fs/ext4/dev.o
  AR      env/built-in.o
  CC      drivers/mmc/rpmb.o
  CC      lib/bzip2/bzlib.o
  AR      drivers/mtd/built-in.o
  CC      fs/fs.o
  CC      cmd/pxe.o
  CC      drivers/net/phy/phy.o
  CC      drivers/net/phy/adin.o
  CC      fs/ext4/ext4_write.o
  CC      lib/bzip2/bzlib_crctable.o
  AR      fs/fat/built-in.o
  CC      drivers/net/phy/atheros.o
  CC      net/arp.o
  CC      drivers/net/phy/mxl-8611x.o
  AR      lib/crypto/built-in.o
  AR      drivers/mmc/built-in.o
  CC      cmd/read.o
  CC      lib/bzip2/bzlib_decompress.o
  CC      cmd/rtc.o
  CC      fs/ext4/ext4_journal.o
  CC      lib/bzip2/bzlib_randtable.o
  CC      net/bootp.o
  AR      drivers/net/qe/built-in.o
  CC      lib/bzip2/bzlib_huffman.o
  AR      drivers/net/phy/built-in.o
  AR      drivers/net/ti/built-in.o
  CC      cmd/setexpr.o
  CC      cmd/sysboot.o
  CC      cmd/time.o
  AR      drivers/phy/allwinner/built-in.o
  CC      net/eth-uclass.o
  CC      net/eth_bootdev.o
  AR      fs/ext4/built-in.o
  CC      drivers/net/eth-phy-uclass.o
  AR      lib/bzip2/built-in.o
  CC      fs/fs_internal.o
  AR      drivers/phy/cadence/built-in.o
  AR      drivers/phy/marvell/built-in.o
  CC      net/eth_common.o
  CC      cmd/timer.o
  CC      cmd/test.o
  CC      drivers/net/dwc_eth_qos.o
  CC      net/net.o
  CC      lib/efi_driver/efi_uclass.o
  AR      drivers/phy/qcom/built-in.o
  CC      net/nfs.o
  AR      fs/built-in.o
  CC      lib/efi_driver/efi_block_device.o
  AR      drivers/phy/rockchip/built-in.o
  CC      cmd/unlz4.o
  AR      drivers/pwm/built-in.o
  AR      drivers/pinctrl/broadcom/built-in.o
  CC      drivers/pinctrl/pinctrl-uclass.o
  AR      drivers/phy/socionext/built-in.o
  CC      net/ping.o
  CC      drivers/net/dwc_eth_qos_imx.o
  AR      lib/efi_driver/built-in.o
  CC      cmd/unzip.o
  AR      drivers/power/pmic/built-in.o
  CC      drivers/pinctrl/nxp/pinctrl-imx.o
  AR      drivers/phy/ti/built-in.o
  CC      cmd/lzmadec.o
  CC      net/sntp.o
  CC      net/tftp.o
  CC      drivers/pinctrl/nxp/pinctrl-imx8m.o
  CC      drivers/phy/phy-uclass.o
  CC      drivers/phy/phy-imx8mq-usb.o
  CC      net/fastboot.o
  CC      drivers/net/fec_mxc.o
  CC      cmd/usb.o
  CC      lib/efi_loader/efi_bootmgr.o
  CC      drivers/power/regulator/regulator-uclass.o
  CC      lib/efi_loader/efi_boottime.o
  CC      lib/efi_loader/efi_helper.o
  CC      drivers/pinctrl/pinctrl-generic.o
  AR      drivers/pinctrl/nxp/built-in.o
  CC      net/udp.o
  AR      drivers/reset/built-in.o
  AR      drivers/phy/built-in.o
  CC      cmd/disk.o
  AR      drivers/net/built-in.o
  CC      drivers/power/regulator/regulator_common.o
  CC      drivers/rtc/rtc-uclass.o
  CC      cmd/fastboot.o
  AR      drivers/pinctrl/built-in.o
  CC      lib/efi_loader/efi_capsule.o
  AR      drivers/scsi/built-in.o
  CC      lib/efi_loader/efi_firmware.o
  AR      net/built-in.o
  CC      lib/libfdt/fdt.o
  CC      lib/efi_loader/efi_console.o
  CC      lib/libfdt/fdt_ro.o
  CC      drivers/rtc/emul_rtc.o
  CC      lib/lzma/LzmaDec.o
  CC      drivers/power/regulator/fixed.o
  CC      cmd/usb_mass_storage.o
  CC      drivers/serial/serial-uclass.o
  CC      lib/efi_loader/efi_device_path.o
  AR      drivers/smem/built-in.o
  CC      lib/libfdt/fdt_wip.o
  CC      drivers/serial/serial_mxc.o
  CC      lib/libfdt/fdt_strerror.o
  CC      lib/efi_loader/efi_device_path_to_text.o
  CC      lib/lzma/LzmaTools.o
  CC      lib/libfdt/fdt_sw.o
  CC      cmd/ximg.o
  CC      drivers/power/regulator/gpio-regulator.o
  CC      lib/libfdt/fdt_rw.o
  AR      drivers/soc/built-in.o
  AR      drivers/serial/built-in.o
  CC      lib/libfdt/fdt_empty_tree.o
  CC      lib/efi_loader/efi_device_path_utilities.o
  CC      lib/libfdt/fdt_addresses.o
  CC      lib/lzo/lzo1x_decompress.o
  AR      lib/lzma/built-in.o
  CC      lib/efi_loader/efi_dt_fixup.o
  CC      cmd/dfu.o
  AR      drivers/power/regulator/built-in.o
  CC      lib/efi_loader/efi_file.o
  CC      lib/charset.o
  CC      lib/crc8.o
  CC      lib/rsa/rsa-verify.o
  CC      lib/libfdt/fdt_overlay.o
  CC      lib/zlib/zlib.o
  CC      lib/efi_loader/efi_hii.o
  AR      lib/lzo/built-in.o
  AR      drivers/power/built-in.o
  CC      lib/efi_loader/efi_image_loader.o
  CC      cmd/gpt.o
  CC      lib/efi_loader/efi_load_options.o
  CC      lib/crc16.o
  AR      lib/libfdt/built-in.o
  AR      lib/zlib/built-in.o
  CC      lib/crc16-ccitt.o
  AR      lib/rsa/built-in.o
  CC      lib/efi_loader/efi_memory.o
  CC      lib/efi_loader/efi_root_node.o
  CC      cmd/regulator.o
  CC      lib/fdtdec_common.o
  CC      lib/smbios.o
  CC      lib/efi_loader/efi_runtime.o
  CC      cmd/nvedit.o
  CC      lib/efi_loader/efi_setup.o
  CC      lib/image-sparse.o
  CC      lib/efi_loader/efi_string.o
  CC      lib/efi_loader/efi_unicode_collation.o
  AR      drivers/sound/built-in.o
  AR      drivers/spmi/built-in.o
  CC      lib/ldiv.o
  CC      lib/net_utils.o
  CC      drivers/sysreset/sysreset-uclass.o
  AR      cmd/built-in.o
  CC      lib/efi_loader/efi_var_common.o
  CC      drivers/sysreset/sysreset_psci.o
  CC      lib/efi_loader/efi_var_mem.o
  CC      lib/efi_loader/efi_var_file.o
  CC      drivers/thermal/thermal-uclass.o
  AR      drivers/ufs/built-in.o
  CC      drivers/tee/broadcom/chimp_optee.o
  CC      lib/efi_loader/efi_variable.o
  CC      drivers/thermal/imx_tmu.o
  CC      lib/rc4.o
  AR      drivers/sysreset/built-in.o
  CC      lib/efi_loader/efi_watchdog.o
  CC      drivers/tee/optee/core.o
  CC      lib/efi_loader/efi_esrt.o
  CC      drivers/tee/optee/supplicant.o
  CC      drivers/tee/optee/i2c.o
  AR      drivers/tee/broadcom/built-in.o
  CC      drivers/tee/optee/rpmb.o
  CC      lib/sha256.o
  AR      drivers/thermal/built-in.o
  CC      drivers/tee/tee-uclass.o
  AR      drivers/video/bridge/built-in.o
  CC      lib/efi_loader/efi_disk.o
  CC      lib/list_sort.o
  CC      lib/efi_loader/efi_net.o
  CC      lib/md5.o
  AR      drivers/tee/optee/built-in.o
  CC      lib/efi_loader/efi_smbios.o
  CC      lib/hash-checksum.o
  AR      drivers/watchdog/built-in.o
  AR      drivers/video/sunxi/built-in.o
  AR      drivers/video/ti/built-in.o
  AR      drivers/video/nxp/layerscape/built-in.o
  CC      lib/efi_loader/efi_load_initrd.o
  AR      drivers/video/nxp/imx/hdmi/built-in.o
  CC      lib/efi_loader/efi_conformance.o
  CC      lib/efi_loader/helloworld.o
  CC      lib/sha1.o
  AR      drivers/tee/built-in.o
  CC      lib/sha512.o
  AS      lib/efi_loader/efi_crt0.o
  AR      drivers/video/nxp/imx/built-in.o
  CC      lib/efi_loader/efi_reloc.o
  CC      lib/gunzip.o
  CC      lib/efi_loader/efi_freestanding.o
  CC      lib/efi_loader/dtbdump.o
  CC      lib/lz4_wrapper.o
  CC      lib/efi_loader/initrddump.o
  AR      drivers/video/nxp/built-in.o
  CC      lib/fdtdec.o
  CC      lib/qsort.o
  AR      lib/efi_loader/built-in.o
  CC      lib/hashtable.o
  CC      lib/errno.o
  CC      lib/display_options.o
  AR      drivers/video/built-in.o
  CC      lib/crc32.o
  CC      lib/ctype.o
  LD      lib/efi_loader/helloworld_efi.so
  CC      lib/div64.o
  CC      lib/hang.o
  CC      lib/linux_compat.o
  CC      lib/linux_string.o
  CC      lib/lmb.o
  CC      lib/membuff.o
  CC      lib/slre.o
  LD      lib/efi_loader/initrddump_efi.so
  CC      lib/string.o
  OBJCOPY lib/efi_loader/helloworld.efi
  CC      lib/tables_csum.o
  CC      lib/time.o
  CC      lib/hexdump.o
  CC      lib/uuid.o
  CC      lib/rand.o
  CC      lib/panic.o
  LD      lib/efi_loader/dtbdump_efi.so
  OBJCOPY lib/efi_loader/initrddump.efi
  CC      lib/vsprintf.o
  CC      lib/strto.o
  CC      lib/abuf.o
  CC      lib/rtc-lib.o
  CC      lib/date.o
  CC      lib/elf.o
  OBJCOPY lib/efi_loader/dtbdump.efi
  AR      drivers/rtc/built-in.o
  AR      lib/built-in.o
  AR      drivers/built-in.o
  LD      u-boot
  OBJCOPY u-boot.srec
  OBJCOPY u-boot-nodtb.bin
  SYM     u-boot.sym
  DTC     arch/arm/dts/imx8mm-data-modul-edm-sbc.dtb
  DTC     arch/arm/dts/imx8mm-ddr4-evk.dtb
  DTC     arch/arm/dts/imx8mm-ddr4-ab2.dtb
  DTC     arch/arm/dts/imx8mm-ddr3l-val.dtb
  DTC     arch/arm/dts/imx8mm-ddr4-val.dtb
  DTC     arch/arm/dts/imx8mm-evk.dtb
  DTC     arch/arm/dts/imx8mm-ab2.dtb
  RELOC   u-boot-nodtb.bin
  DTC     arch/arm/dts/imx8mm-icore-mx8mm-ctouch2.dtb
  DTC     arch/arm/dts/imx8mm-icore-mx8mm-edimm2.2.dtb
  DTC     arch/arm/dts/imx8mm-kontron-bl.dtb
  DTC     arch/arm/dts/imx8mm-kontron-bl-osm-s.dtb
  DTC     arch/arm/dts/imx8mm-mx8menlo.dtb
  DTC     arch/arm/dts/imx8mm-phg.dtb
  DTC     arch/arm/dts/imx8mm-var-dart-customboard.dtb
  DTC     arch/arm/dts/imx8mm-var-som-symphony.dtb
  DTC     arch/arm/dts/imx8mm-venice.dtb
  DTC     arch/arm/dts/imx8mm-venice-gw71xx-0x.dtb
  DTC     arch/arm/dts/imx8mm-venice-gw72xx-0x.dtb
  DTC     arch/arm/dts/imx8mm-venice-gw73xx-0x.dtb
  DTC     arch/arm/dts/imx8mm-venice-gw7901.dtb
  DTC     arch/arm/dts/imx8mm-venice-gw7902.dtb
  DTC     arch/arm/dts/imx8mm-venice-gw7903.dtb
  DTC     arch/arm/dts/imx8mm-venice-gw7904.dtb
  DTC     arch/arm/dts/imx8mm-verdin-wifi-dev.dtb
  DTC     arch/arm/dts/phycore-imx8mm.dtb
  DTC     arch/arm/dts/imx8mn-bsh-smm-s2.dtb
  DTC     arch/arm/dts/imx8mn-bsh-smm-s2pro.dtb
  DTC     arch/arm/dts/imx8mn-ddr3l-evk.dtb
  DTC     arch/arm/dts/imx8mn-ddr4-evk.dtb
  DTC     arch/arm/dts/imx8mn-ddr4-ab2.dtb
  DTC     arch/arm/dts/imx8mq-cm.dtb
  DTC     arch/arm/dts/imx8mn-evk.dtb
  DTC     arch/arm/dts/imx8mn-ab2.dtb
  DTC     arch/arm/dts/imx8mn-var-som-symphony.dtb
  DTC     arch/arm/dts/imx8mn-venice.dtb
  DTC     arch/arm/dts/imx8mn-venice-gw7902.dtb
  DTC     arch/arm/dts/imx8mq-ddr3l-val.dtb
  DTC     arch/arm/dts/imx8mq-ddr4-val.dtb
  DTC     arch/arm/dts/imx8mq-evk.dtb
  DTC     arch/arm/dts/imx8mq-var-dart-dt8mcustomboard.dtb
  DTC     arch/arm/dts/imx8mm-beacon-kit.dtb
  DTC     arch/arm/dts/imx8mn-beacon-kit.dtb
  DTC     arch/arm/dts/imx8mq-mnt-reform2.dtb
  DTC     arch/arm/dts/imx8mq-phanbell.dtb
  DTC     arch/arm/dts/imx8mp-dhcom-pdk2.dtb
  DTC     arch/arm/dts/imx8mp-ddr4-evk.dtb
  DTC     arch/arm/dts/imx8mp-evk.dtb
  DTC     arch/arm/dts/imx8mp-icore-mx8mp-edimm2.2.dtb
  DTC     arch/arm/dts/imx8mp-msc-sm2s.dtb
  DTC     arch/arm/dts/imx8mp-phyboard-pollux-rdk.dtb
  DTC     arch/arm/dts/imx8mp-venice.dtb
  DTC     arch/arm/dts/imx8mp-venice-gw74xx.dtb
  DTC     arch/arm/dts/imx8mp-verdin-wifi-dev.dtb
  DTC     arch/arm/dts/imx8mp-var-dart-dt8mcustomboard.dtb
  DTC     arch/arm/dts/imx8mp-var-dart-1.x-dt8mcustomboard.dtb
  DTC     arch/arm/dts/imx8mp-var-som-symphony.dtb
  DTC     arch/arm/dts/imx8mq-pico-pi.dtb
  DTC     arch/arm/dts/imx8mq-kontron-pitx-imx8m.dtb
  DTC     arch/arm/dts/imx8mq-librem5-r4.dtb
  SHIPPED dts/dt.dtb
  CAT     u-boot-dtb.bin
  MKIMAGE u-boot.img
  COPY    u-boot.dtb
  MKIMAGE u-boot-dtb.img
  COPY    u-boot.bin
  LD      u-boot.elf
  CC      spl/./lib/asm-offsets.s
  CC      spl/./arch/arm/lib/asm-offsets.s
  LDS     spl/u-boot-spl.lds
  UPD     spl/./include/generated/asm-offsets.h
  UPD     spl/./include/generated/generic-asm-offsets.h
mkdir -p spl/dts/
  FDTGREP spl/dts/dt-spl.dtb
  AR      spl/arch/arm/cpu/built-in.o
  CC      spl/arch/arm/cpu/armv8/cpu.o
  AS      spl/arch/arm/lib/crt0_64.o
  CC      spl/board/variscite/imx8mp_var_dart/imx8mp_var_dart.o
  CC      spl/common/spl/spl.o
  CC      spl/common/init/board_init.o
  CC      spl/arch/arm/cpu/armv8/generic_timer.o
  CC      spl/boot/image.o
  CC      spl/cmd/nvedit.o
  CC      spl/common/fdt_support.o
  AS      spl/arch/arm/mach-imx/imx8m/lowlevel_init.o
  CC      spl/boot/image-board.o
  CC      spl/common/spl/spl_bootrom.o
  CC      spl/arch/arm/mach-imx/imx8m/clock_slice.o
  CC      spl/arch/arm/cpu/armv8/cache_v8.o
  AS      spl/arch/arm/lib/setjmp_aarch64.o
  CC      spl/arch/arm/mach-imx/imx8m/soc.o
  CC      spl/arch/arm/lib/spl.o
  AS      spl/arch/arm/cpu/armv8/cache.o
  CC      spl/arch/arm/mach-imx/imx8m/clock_imx8mm.o
  AS      spl/arch/arm/cpu/armv8/tlb.o
  AR      spl/common/init/built-in.o
  AS      spl/arch/arm/cpu/armv8/transition.o
  CC      spl/arch/arm/cpu/armv8/fwcall.o
  AR      spl/arch/arm/mach-imx/imx8m/built-in.o
  CC      spl/arch/arm/cpu/armv8/cpu-dt.o
  AR      spl/env/built-in.o
  CC      spl/common/console.o
  CC      spl/boot/image-android.o
  CC      spl/arch/arm/mach-imx/iomux-v3.o
  AR      spl/cmd/built-in.o
  CC      spl/common/dlmalloc.o
  CC      spl/arch/arm/lib/image.o
  AS      spl/arch/arm/cpu/armv8/smccc-call.o
  CC      spl/arch/arm/lib/bootm-fdt.o
  CC      spl/arch/arm/cpu/armv8/sha1_ce_glue.o
  CC      spl/arch/arm/mach-imx/mmc_env.o
  CC      spl/common/spl/spl_fit.o
  CC      spl/arch/arm/lib/bdinfo.o
  CC      spl/boot/image-android-dt.o
  CC      spl/common/malloc_simple.o
  CC      spl/arch/arm/lib/sections.o
  AS      spl/arch/arm/cpu/armv8/sha1_ce_core.o
  CC      spl/arch/arm/mach-imx/mac.o
  CC      spl/boot/image-fdt.o
  CC      spl/common/hash.o
  CC      spl/arch/arm/cpu/armv8/sha256_ce_glue.o
  CC      spl/arch/arm/lib/stack.o
  CC      spl/common/memsize.o
  CC      spl/boot/image-fit.o
  AS      spl/arch/arm/cpu/armv8/sha256_ce_core.o
  CC      spl/arch/arm/mach-imx/i2c-mxv7.o
  CC      spl/arch/arm/lib/interrupts_64.o
  CC      spl/arch/arm/mach-imx/cpu.o
  CC      spl/common/stdio.o
  AS      spl/arch/arm/cpu/armv8/start.o
  CC      spl/boot/common_fit.o
  AR      spl/lib/crypto/built-in.o
  CC      spl/lib/libfdt/fdt.o
  CC      spl/arch/arm/mach-imx/misc.o
  AR      spl/lib/rsa/built-in.o
  AR      spl/arch/arm/cpu/armv8/built-in.o
  CC      spl/arch/arm/lib/reset.o
  CC      spl/common/cli.o
  CC      spl/disk/part.o
  AR      spl/boot/built-in.o
  CC      spl/arch/arm/mach-imx/spl.o
  CC      spl/common/dfu.o
  CC      spl/lib/libfdt/fdt_ro.o
  CC      spl/drivers/block/blk-uclass.o
  AR      spl/drivers/bus/built-in.o
  CC      spl/arch/arm/lib/cache.o
  CC      spl/disk/disk-uclass.o
  CC      spl/lib/libfdt/fdt_wip.o
  CC      spl/board/variscite/imx8mp_var_dart/../common/imx8_eeprom.o
  CC      spl/common/command.o
  CC      spl/arch/arm/mach-imx/dt_optee.o
  AR      spl/drivers/block/built-in.o
  AR      spl/drivers/clk/analogbits/built-in.o
  CC      spl/drivers/core/device.o
  CC      spl/lib/libfdt/fdt_strerror.o
  CC      spl/drivers/clk/imx/clk-gate2.o
  CC      spl/disk/part_dos.o
  AR      spl/drivers/crypto/aspeed/built-in.o
  CC      spl/board/variscite/imx8mp_var_dart/spl.o
  CC      spl/common/s_record.o
  CC      spl/arch/arm/lib/psci-dt.o
  CC      spl/lib/libfdt/fdt_sw.o
  CC      spl/arch/arm/mach-imx/spl_imx_romapi.o
  CC      spl/board/variscite/imx8mp_var_dart/lpddr4_timing.o
  CC      spl/disk/part_efi.o
  CC      spl/drivers/clk/imx/clk-pllv3.o
  CC      spl/drivers/core/fdtaddr.o
  CC      spl/common/xyzModem.o
  AR      spl/arch/arm/lib/lib.a
  CC      spl/drivers/core/lists.o
  AR      spl/drivers/crypto/hash/built-in.o
  CC      spl/drivers/crypto/fsl/sec.o
  CC      spl/lib/libfdt/fdt_rw.o
  AR      spl/board/variscite/imx8mp_var_dart/built-in.o
  CC      spl/arch/arm/mach-imx/romapi.o
  AS      spl/arch/arm/lib/crt0_aarch64_efi.o
  AR      spl/disk/built-in.o
  AR      spl/common/built-in.o
  CC      spl/drivers/clk/imx/clk-pfd.o
  CC      spl/drivers/core/root.o
  CC      spl/drivers/core/uclass.o
  CC      spl/drivers/crypto/fsl/jr.o
  CC      spl/lib/libfdt/fdt_empty_tree.o
  CC      spl/arch/arm/lib/reloc_aarch64_efi.o
  AR      spl/arch/arm/mach-imx/built-in.o
  AR      spl/drivers/clk/tegra/built-in.o
  AR      spl/drivers/clk/ti/built-in.o
  CC      spl/lib/libfdt/fdt_addresses.o
  CC      spl/lib/libfdt/fdt_overlay.o
  CC      spl/drivers/clk/imx/clk-imx8mp.o
  CC      spl/drivers/crypto/fsl/fsl_hash.o
  AR      spl/arch/arm/lib/built-in.o
  CC      spl/drivers/core/util.o
  AR      spl/drivers/crypto/nuvoton/built-in.o
  CC      spl/drivers/core/tag.o
  CC      spl/drivers/crypto/rsa_mod_exp/mod_exp_uclass.o
  CC      spl/drivers/ddr/imx/imx8m/ddr_init.o
  AR      spl/lib/libfdt/built-in.o
  AR      spl/dts/built-in.o
  CC      spl/lib/hash-checksum.o
  CC      spl/drivers/ddr/imx/imx8m/../phy/helper.o
  CC      spl/drivers/crypto/fsl/jobdesc.o
  CC      spl/drivers/clk/imx/clk-pll14xx.o
  CC      spl/drivers/ddr/imx/imx8m/../phy/ddrphy_utils.o
  CC      spl/drivers/core/simple-bus.o
  CC      spl/drivers/ddr/imx/imx8m/../phy/ddrphy_train.o
  AR      spl/drivers/crypto/rsa_mod_exp/built-in.o
  CC      spl/drivers/ddr/imx/imx8m/../phy/ddrphy_csr.o
  CC      spl/drivers/crypto/fsl/error.o
  CC      spl/lib/sha1.o
  CC      spl/drivers/clk/clk-uclass.o
  CC      spl/drivers/core/dump.o
  CC      spl/drivers/crypto/fsl/fsl_blob.o
  AR      spl/drivers/ddr/imx/imx8m/../phy/built-in.o
  CC      spl/drivers/clk/imx/clk-composite-8m.o
  CC      spl/drivers/clk/clk_fixed_rate.o
  CC      spl/lib/sha256.o
  CC      spl/drivers/clk/clk_fixed_factor.o
  CC      spl/fs/fs_internal.o
  CC      spl/drivers/gpio/gpio-uclass.o
  AR      spl/drivers/ddr/imx/imx8m/built-in.o
  CC      spl/drivers/crypto/fsl/fsl_rsa.o
  CC      spl/drivers/clk/clk.o
  CC      spl/drivers/core/of_extra.o
  AR      spl/drivers/clk/imx/built-in.o
  CC      spl/lib/sha512.o
  COPY    spl/u-boot-spl.dtb
  AR      spl/fs/built-in.o
  CC      spl/drivers/clk/clk-divider.o
  CC      spl/lib/fdtdec_common.o
  CC      spl/lib/fdtdec.o
  CC      spl/drivers/gpio/mxc_gpio.o
  CC      spl/drivers/i2c/i2c_core.o
  CC      spl/drivers/clk/clk-mux.o
  CC      spl/lib/crc16-ccitt.o
  AR      spl/drivers/crypto/fsl/built-in.o
  CC      spl/drivers/core/ofnode.o
  CC      spl/drivers/core/read_extra.o
  CC      spl/drivers/misc/misc-uclass.o
  CC      spl/drivers/misc/mxc_ocotp.o
  CC      spl/lib/net_utils.o
  AR      spl/drivers/gpio/built-in.o
  CC      spl/drivers/i2c/mxc_i2c.o
  AR      spl/drivers/crypto/built-in.o
  CC      spl/drivers/clk/clk-gate.o
  CC      spl/lib/qsort.o
  CC      spl/lib/hashtable.o
  CC      spl/drivers/clk/clk-fixed-factor.o
  AR      spl/drivers/core/built-in.o
  CC      spl/lib/errno.o
  AR      spl/drivers/misc/built-in.o
  CC      spl/drivers/clk/clk-composite.o
  AR      spl/drivers/mtd/built-in.o
  AR      spl/drivers/i2c/built-in.o
  CC      spl/lib/display_options.o
  CC      spl/lib/crc32.o
  CC      spl/lib/ctype.o
  CC      spl/lib/div64.o
  AR      spl/drivers/clk/built-in.o
  AR      spl/drivers/soc/built-in.o
  CC      spl/drivers/serial/serial.o
  CC      spl/drivers/watchdog/wdt-uclass.o
  AR      spl/drivers/pinctrl/broadcom/built-in.o
  CC      spl/drivers/serial/serial_mxc.o
  CC      spl/drivers/power/pmic/pmic_pca9450.o
  CC      spl/lib/hang.o
  CC      spl/drivers/pinctrl/pinctrl-uclass.o
  CC      spl/drivers/pinctrl/pinctrl-generic.o
  CC      spl/lib/linux_compat.o
  CC      spl/drivers/pinctrl/nxp/pinctrl-imx.o
  CC      spl/lib/linux_string.o
  CC      spl/lib/lmb.o
  AR      spl/drivers/watchdog/built-in.o
  CC      spl/drivers/pinctrl/nxp/pinctrl-imx8m.o
  AR      spl/drivers/serial/built-in.o
  CC      spl/lib/membuff.o
  AR      spl/drivers/power/pmic/built-in.o
  CC      spl/lib/slre.o
  CC      spl/lib/string.o
  CC      spl/lib/tables_csum.o
  CC      spl/drivers/power/power_core.o
  CC      spl/lib/time.o
  CC      spl/drivers/power/power_i2c.o
  CC      spl/lib/hexdump.o
  CC      spl/lib/uuid.o
  AR      spl/drivers/pinctrl/nxp/built-in.o
  AR      spl/drivers/power/regulator/built-in.o
  CC      spl/lib/rand.o
  CC      spl/lib/panic.o
  CC      spl/lib/tiny-printf.o
  CC      spl/lib/strto.o
  CC      spl/lib/abuf.o
  CC      spl/lib/date.o
  AR      spl/drivers/pinctrl/built-in.o
  AR      spl/drivers/power/built-in.o
  CC      spl/lib/rtc-lib.o
  CC      spl/lib/elf.o
  AR      spl/drivers/built-in.o
  AR      spl/lib/built-in.o
  AR      spl/common/spl/built-in.o
  LD      spl/u-boot-spl
  OBJCOPY spl/u-boot-spl-nodtb.bin
  SYM     spl/u-boot-spl.sym
  CAT     spl/u-boot-spl-dtb.bin
  COPY    spl/u-boot-spl.bin
  CFGS    spl/u-boot-spl.cfgout
  OFCHK   .config
[2026-10-06 13:45:18] U-Boot built
[2026-10-06 13:45:18] Downloading DDR firmware...

     0K .......... .......... .......... .......... ..........  3%  604K 2s
    50K .......... .......... .......... .......... ..........  6%  426K 3s
   100K .......... .......... .......... .......... .......... 10%  913K 2s
   150K .......... .......... .......... .......... .......... 13% 1.36M 2s
   200K .......... .......... .......... .......... .......... 16%  563K 2s
   250K .......... .......... .......... .......... .......... 20%  875K 2s
   300K .......... .......... .......... .......... .......... 23%  897K 2s
   350K .......... .......... .......... .......... .......... 27% 1.50M 1s
   400K .......... .......... .......... .......... .......... 30% 1.37M 1s
   450K .......... .......... .......... .......... .......... 33% 1.53M 1s
   500K .......... .......... .......... .......... .......... 37%  893K 1s
   550K .......... .......... .......... .......... .......... 40% 1.28M 1s
   600K .......... .......... .......... .......... .......... 43% 1.06M 1s
   650K .......... .......... .......... .......... .......... 47% 1.44M 1s
   700K .......... .......... .......... .......... .......... 50%  928K 1s
   750K .......... .......... .......... .......... .......... 54% 1.32M 1s
   800K .......... .......... .......... .......... .......... 57% 1.12M 1s
   850K .......... .......... .......... .......... .......... 60%  437K 1s
   900K .......... .......... .......... .......... .......... 64%  974K 1s
   950K .......... .......... .......... .......... .......... 67% 1.97M 1s
  1000K .......... .......... .......... .......... .......... 71% 1.23M 0s
  1050K .......... .......... .......... .......... .......... 74% 1.45M 0s
  1100K .......... .......... .......... .......... .......... 77% 1.02M 0s
  1150K .......... .......... .......... .......... .......... 81% 1.44M 0s
  1200K .......... .......... .......... .......... .......... 84% 2.63M 0s
  1250K .......... .......... .......... .......... .......... 87% 1.35M 0s
  1300K .......... .......... .......... .......... .......... 91% 1.73M 0s
  1350K .......... .......... .......... .......... .......... 94% 1.06M 0s
  1400K .......... .......... .......... .......... .......... 98% 1.76M 0s
  1450K .......... .......... .......                         100% 4.65M=1.4sWelcome to NXP firmware-imx-8.18.bin

WARNING: EULA has been auto-accepted; this implies that you agree with it.
Unpacking file ................................................................................ done
[2026-10-06 13:45:20] DDR firmware ready
[2026-10-06 13:45:20] Cloning https://github.com/varigit/imx-atf.git → /home/ellenhsiao/build-target/imx-boot-tools/imx-atf
Cloning into '/home/ellenhsiao/build-target/imx-boot-tools/imx-atf'...
[2026-10-06 13:45:31] Cloning https://github.com/varigit/meta-variscite-bsp.git → /home/ellenhsiao/build-target/imx-boot-tools/meta-variscite-bsp
Cloning into '/home/ellenhsiao/build-target/imx-boot-tools/meta-variscite-bsp'...
[2026-10-06 13:45:32] Cloning https://github.com/nxp-imx/imx-mkimage.git → /home/ellenhsiao/build-target/imx-boot-tools/imx-mkimage
Cloning into '/home/ellenhsiao/build-target/imx-boot-tools/imx-mkimage'...
[2026-10-06 13:45:33] Applying 0001-iMX8M-soc-allow-dtb-override.patch
[2026-10-06 13:45:33] Applying 0002-iMX8M-soc-change-padding-of-DDR4-and-LPDDR4-DMEM-fir.patch
  CC      bl31/bl31_context_mgmt.c
  CC      bl31/bl31_main.c
  CC      bl31/interrupt_mgmt.c
  CC      common/runtime_svc.c
  CC      drivers/arm/gic/v3/arm_gicv3_common.c
  CC      drivers/arm/gic/v3/gic-x00.c
  CC      drivers/arm/gic/v3/gicdv3_helpers.c
  CC      drivers/arm/gic/v3/gicrv3_helpers.c
  CC      drivers/arm/gic/v3/gicv3_helpers.c
  CC      drivers/arm/gic/v3/gicv3_main.c
  CC      drivers/arm/tzc/tzc380.c
  CC      drivers/delay_timer/delay_timer.c
  CC      drivers/delay_timer/generic_delay_timer.c
  CC      lib/cpus/errata_report.c
  CC      lib/el3_runtime/aarch64/context_mgmt.c
  CC      lib/el3_runtime/cpu_data_array.c
  CC      lib/extensions/spe/spe.c
  CC      lib/extensions/sve/sve.c
  CC      lib/locks/bakery/bakery_lock_coherent.c
  CC      lib/psci/psci_common.c
  CC      lib/psci/psci_main.c
  CC      lib/psci/psci_mem_protect.c
  CC      lib/psci/psci_off.c
  CC      lib/psci/psci_on.c
  CC      lib/psci/psci_setup.c
  CC      lib/psci/psci_suspend.c
  CC      lib/psci/psci_system_off.c
  CC      lib/xlat_tables_v2/aarch64/xlat_tables_arch.c
  CC      lib/xlat_tables_v2/xlat_tables_context.c
  CC      lib/xlat_tables_v2/xlat_tables_core.c
  CC      lib/xlat_tables_v2/xlat_tables_utils.c
  CC      plat/common/plat_gicv3.c
  CC      plat/common/plat_psci_common.c
  CC      plat/imx/common/imx8_topology.c
  CC      plat/imx/common/imx_sip_handler.c
  CC      plat/imx/common/imx_sip_svc.c
  CC      plat/imx/common/plat_imx8_gic.c
  CC      plat/imx/imx8m/ddr/clock.c
  CC      plat/imx/imx8m/ddr/ddr4_dvfs.c
  CC      plat/imx/imx8m/ddr/dram.c
  CC      plat/imx/imx8m/ddr/dram_retention.c
  CC      plat/imx/imx8m/ddr/lpddr4_dvfs.c
  CC      plat/imx/imx8m/gpc_common.c
  CC      plat/imx/imx8m/imx8m_caam.c
  CC      plat/imx/imx8m/imx8m_csu.c
  CC      plat/imx/imx8m/imx8m_psci_common.c
  CC      plat/imx/imx8m/imx8m_snvs.c
  CC      plat/imx/imx8m/imx8mp/gpc.c
  CC      plat/imx/imx8m/imx8mp/imx8mp_bl31_setup.c
  CC      plat/imx/imx8m/imx8mp/imx8mp_psci.c
  CC      plat/imx/imx8m/imx_aipstz.c
  CC      plat/imx/imx8m/imx_hab.c
  CC      plat/imx/imx8m/imx_rdc.c
  CC      services/arm_arch_svc/arm_arch_svc_setup.c
  CC      services/std_svc/std_svc_setup.c
  CC      common/bl_common.c
  CC      common/tf_log.c
  CC      drivers/console/multi_console.c
  CC      plat/common/plat_bl_common.c
  CC      plat/common/plat_log_common.c
  CC      plat/common/aarch64/plat_common.c
  CC      lib/compiler-rt/builtins/popcountdi2.c
  CC      lib/compiler-rt/builtins/popcountsi2.c
  AS      bl31/aarch64/bl31_entrypoint.S
  AS      bl31/aarch64/crash_reporting.S
  AS      bl31/aarch64/ea_delegate.S
  AS      bl31/aarch64/runtime_exceptions.S
  AS      lib/cpus/aarch64/cortex_a53.S
  AS      lib/cpus/aarch64/cpu_helpers.S
  AS      lib/cpus/aarch64/dsu_helpers.S
  AS      lib/cpus/aarch64/wa_cve_2017_5715_bpiall.S
  AS      lib/cpus/aarch64/wa_cve_2017_5715_mmu.S
  AS      lib/el3_runtime/aarch64/context.S
  AS      lib/el3_runtime/aarch64/cpu_data.S
  AS      lib/locks/exclusive/aarch64/spinlock.S
  AS      lib/psci/aarch64/psci_helpers.S
  AS      lib/xlat_tables_v2/aarch64/enable_mmu.S
  AS      plat/common/aarch64/platform_mp_stack.S
  AS      plat/imx/common/imx8_helpers.S
  AS      plat/imx/common/imx_uart_console.S
  AS      common/aarch64/debug.S
  AS      lib/aarch64/cache_helpers.S
  AS      lib/aarch64/misc_helpers.S
  AS      plat/common/aarch64/platform_helpers.S
  PP      bl31/bl31.ld.S
  CC      lib/libc/abort.c
  CC      lib/libc/assert.c
  CC      lib/libc/exit.c
  CC      lib/libc/memchr.c
  CC      lib/libc/memcmp.c
  CC      lib/libc/memcpy.c
  CC      lib/libc/memmove.c
  CC      lib/libc/memrchr.c
  CC      lib/libc/memset.c
  CC      lib/libc/printf.c
  CC      lib/libc/putchar.c
  CC      lib/libc/puts.c
  CC      lib/libc/snprintf.c
  CC      lib/libc/strchr.c
  CC      lib/libc/strcmp.c
  CC      lib/libc/strlcat.c
  CC      lib/libc/strlcpy.c
  CC      lib/libc/strlen.c
  CC      lib/libc/strncmp.c
  CC      lib/libc/strnlen.c
  CC      lib/libc/strrchr.c
  CC      lib/libc/strtok.c
  CC      lib/libc/strtoul.c
  CC      lib/libc/strtoll.c
  CC      lib/libc/strtoull.c
  CC      lib/libc/strtol.c
  AS      lib/libc/aarch64/setjmp.S
  AR      /home/ellenhsiao/build-target/imx-boot-tools/imx-atf/build/imx8mp/release/lib/libc.a
  LD      /home/ellenhsiao/build-target/imx-boot-tools/imx-atf/build/imx8mp/release/bl31/bl31.elf
  BIN     /home/ellenhsiao/build-target/imx-boot-tools/imx-atf/build/imx8mp/release/bl31.bin
  OD      /home/ellenhsiao/build-target/imx-boot-tools/imx-atf/build/imx8mp/release/bl31/bl31.dump

Built /home/ellenhsiao/build-target/imx-boot-tools/imx-atf/build/imx8mp/release/bl31.bin successfully

[2026-10-06 13:45:34] ATF (bl31.bin) ready
[2026-10-06 13:45:34] Preparing i.MX mkimage environment...
[2026-10-06 13:45:34] i.MX mkimage environment prepared (files are in /home/ellenhsiao/build-target/imx-boot-tools/imx-mkimage/iMX8M)
[2026-10-06 13:45:34] Building boot image...
make: Entering directory '/home/ellenhsiao/build-target/imx-boot-tools/imx-mkimage/iMX8M'
make: *** No rule to make target 'clean'.  Stop.
make: Leaving directory '/home/ellenhsiao/build-target/imx-boot-tools/imx-mkimage/iMX8M'
[2026-10-06 13:45:34] Running: make SOC=iMX8MP flash_evk
Compiling mkimage_imx8
PLAT=imx8mp HDMI=no
Compiling mkimage_imx8
cc -O2 -Wall -std=c99 -static ../iMX8M/mkimage_imx8.c -o mkimage_imx8  -lz
../iMX8M/mkimage_imx8.c: In function ‘copy_file.constprop’:
../iMX8M/mkimage_imx8.c:345:21: warning: ‘write’ reading 5 bytes from a region of size 4 [-Wstringop-overread]
  345 |                 if (write(ifd, (char *)&zero, 4-tail) != 4-tail) {
      |                     ^~~~~~~~~~~~~~~~~~~~~~~~~~~~~~~~~
../iMX8M/mkimage_imx8.c:303:13: note: source object ‘zero’ of size 4
  303 |         int zero = 0;
      |             ^~~~
In file included from ../iMX8M/mkimage_imx8.c:24:
/usr/include/unistd.h:378:16: note: in a call to function ‘write’ declared with attribute ‘access (read_only, 2, 3)’
  378 | extern ssize_t write (int __fd, const void *__buf, size_t __n) __wur
      |                ^~~~~
29443+0 records in
29443+0 records out
117772 bytes (118 kB, 115 KiB) copied, 0.0664824 s, 1.8 MB/s
./../scripts/pad_image.sh tee.bin
ERROR: ./../scripts/pad_image.sh: Could not find file tee.bin. Exiting.
./../scripts/pad_image.sh bl31.bin
./../scripts/pad_image.sh u-boot-nodtb.bin imx8mp-var-dart-dt8mcustomboard.dtb imx8mp-var-som-symphony.dtb 
Padding imx8mp-var-som-symphony.dtb to 50616 bytes
BL32=tee.bin DEK_BLOB_LOAD_ADDR=0x40400000 TEE_LOAD_ADDR=0x56000000 ATF_LOAD_ADDR=0x00970000 ../iMX8M/mkimage_fit_atf.sh imx8mp-var-dart-dt8mcustomboard.dtb imx8mp-var-som-symphony.dtb  > u-boot.its
bl31.bin size: 
43328
u-boot-nodtb.bin size: 
954200
imx8mp-var-dart-dt8mcustomboard.dtb size: 
50384
imx8mp-var-som-symphony.dtb size: 
50616
./mkimage_uboot -E -p 0x5000 -f u-boot.its u-boot.itb
FIT description: Configuration to load ATF before U-Boot
Created:         Tue Oct  6 13:45:35 2026
 Image 0 (uboot-1)
  Description:  U-Boot (64-bit)
  Created:      Tue Oct  6 13:45:35 2026
  Type:         Standalone Program
  Compression:  uncompressed
  Data Size:    954200 Bytes = 931.84 KiB = 0.91 MiB
  Architecture: AArch64
  Load Address: 0x40200000
  Entry Point:  unavailable
 Image 1 (fdt-1)
  Description:  imx8mp-var-dart-dt8mcustomboard
  Created:      Tue Oct  6 13:45:35 2026
  Type:         Flat Device Tree
  Compression:  uncompressed
  Data Size:    50384 Bytes = 49.20 KiB = 0.05 MiB
  Architecture: Unknown Architecture
 Image 2 (fdt-2)
  Description:  imx8mp-var-som-symphony
  Created:      Tue Oct  6 13:45:35 2026
  Type:         Flat Device Tree
  Compression:  uncompressed
  Data Size:    50616 Bytes = 49.43 KiB = 0.05 MiB
  Architecture: Unknown Architecture
 Image 3 (atf-1)
  Description:  ARM Trusted Firmware
  Created:      Tue Oct  6 13:45:35 2026
  Type:         Firmware
  Compression:  uncompressed
  Data Size:    43328 Bytes = 42.31 KiB = 0.04 MiB
  Architecture: AArch64
  OS:           Unknown OS
  Load Address: 0x00970000
 Default Configuration: 'config-1'
 Configuration 0 (config-1)
  Description:  imx8mp-var-dart-dt8mcustomboard
  Kernel:       unavailable
  Firmware:     uboot-1
  FDT:          fdt-1
  Loadables:    atf-1
 Configuration 1 (config-2)
  Description:  imx8mp-var-som-symphony
  Kernel:       unavailable
  Firmware:     uboot-1
  FDT:          fdt-2
  Loadables:    atf-1
./mkimage_imx8 -version v2 -fit -loader u-boot-spl-ddr.bin 0x920000 -second_loader u-boot.itb 0x40200000 0x60000 -out flash.bin
Platform:	i.MX8M (mScale)
ROM VERSION:	v2
Using FIT image
LOADER IMAGE:	u-boot-spl-ddr.bin start addr: 0x00920000
SECOND LOADER IMAGE:	u-boot.itb start addr: 0x40200000 offset: 0x00060000
Output:		flash.bin
fit_size: 1184
1+0 records in
1+0 records out
1184 bytes (1.2 kB, 1.2 KiB) copied, 0.000153404 s, 7.7 MB/s
FIT hash: 62ddd2811a61edce41932480e8ed6e37c7faff88d021f4e2b4ad85855fd9f98d
========= IVT HEADER [HDMI FW] =========
header.tag: 		0x0
header.length: 		0x0
header.version: 	0x0
entry: 			0x0
reserved1: 		0x0
dcd_ptr: 		0x0
boot_data_ptr: 		0x0
self: 			0x0
csf: 			0x0
reserved2: 		0x0
boot_data.start: 	0x0
boot_data.size: 	0x0
boot_data.plugin: 	0x0
========= IVT HEADER [PLUGIN] =========
header.tag: 		0x0
header.length: 		0x0
header.version: 	0x0
entry: 			0x0
reserved1: 		0x0
dcd_ptr: 		0x0
boot_data_ptr: 		0x0
self: 			0x0
csf: 			0x0
reserved2: 		0x0
boot_data.start: 	0x0
boot_data.size: 	0x0
boot_data.plugin: 	0x0
========= IVT HEADER [LOADER IMAGE] =========
header.tag: 		0xd1
header.length: 		0x2000
header.version: 	0x41
entry: 			0x920000
reserved1: 		0x0
dcd_ptr: 		0x0
boot_data_ptr: 		0x91ffe0
self: 			0x91ffc0
csf: 			0x94edc0
reserved2: 		0x0
boot_data.start: 	0x91ffc0
boot_data.size: 	0x30e60
boot_data.plugin: 	0x0
========= OFFSET dump =========
Loader IMAGE:
 header_image_off 	0x0
 dcd_off 		0x0
 image_off 		0x40
 csf_off 		0x2ee00
 spl hab block: 	0x91ffc0 0x0 0x2ee00

Second Loader IMAGE:
 sld_header_off 	0x58000
 sld_csf_off 		0x59020
 sld hab block: 	0x401fadc0 0x58000 0x1020
 fit-fdt csf_off 	0x5b020
 fit-fdt hab block: 	0x401fadc0 0x58000 0x3020
SPL CSF block:
	Blocks = 	0x91ffc0 0x0 0x2ee00 "flash.bin"
SLD CSF block:
	Blocks = 	0x401fadc0 0x58000 0x1020 "flash.bin",\
SLD FIT-FDT CSF block:
	Blocks = 	0x401fadc0 0x58000 0x3020 "flash.bin"
[2026-10-06 13:45:35] Boot image ready: /home/ellenhsiao/build-target/imx-boot-tools/imx-boot-sd.bin
/dev/sdX is not a block device
NAME        MAJ:MIN RM   SIZE RO TYPE MOUNTPOINTS
loop0         7:0    0 517.6M  1 loop /snap/code/267
loop1         7:1    0   1.5G  1 loop /snap/android-studio/244
loop2         7:2    0     4K  1 loop /snap/bare/5
loop3         7:3    0   9.6M  1 loop /snap/canonical-livepatch/235
loop4         7:4    0  13.1M  1 loop /snap/canonical-livepatch/414
loop6         7:6    0 510.2M  1 loop /snap/code/266
loop7         7:7    0 105.8M  1 loop /snap/core/15925
loop8         7:8    0 105.2M  1 loop /snap/core/17292
loop9         7:9    0  55.7M  1 loop /snap/core18/2790
loop10        7:10   0  55.5M  1 loop /snap/core18/3084
loop11        7:11   0  63.5M  1 loop /snap/core20/2015
loop12        7:12   0  63.8M  1 loop /snap/core20/2922
loop13        7:13   0    74M  1 loop /snap/core22/2955
loop14        7:14   0  73.9M  1 loop /snap/core22/864
loop15        7:15   0  66.8M  1 loop /snap/core24/2124
loop16        7:16   0 236.8M  1 loop /snap/firefox/3068
loop17        7:17   0 261.4M  1 loop /snap/firefox/8969
loop18        7:18   0 521.4M  1 loop /snap/gimp/393
loop19        7:19   0 140.9M  1 loop /snap/gimp/561
loop20        7:20   0 140.7M  1 loop /snap/gnome-3-26-1604/104
loop21        7:21   0 140.7M  1 loop /snap/gnome-3-26-1604/111
loop22        7:22   0 164.8M  1 loop /snap/gnome-3-28-1804/161
loop23        7:23   0   219M  1 loop /snap/gnome-3-34-1804/77
loop24        7:24   0 164.8M  1 loop /snap/gnome-3-28-1804/198
loop25        7:25   0 218.4M  1 loop /snap/gnome-3-34-1804/93
loop26        7:26   0 349.7M  1 loop /snap/gnome-3-38-2004/140
loop27        7:27   0 349.7M  1 loop /snap/gnome-3-38-2004/143
loop28        7:28   0 485.5M  1 loop /snap/gnome-42-2204/126
loop29        7:29   0 531.5M  1 loop /snap/gnome-42-2204/263
loop30        7:30   0 614.5M  1 loop /snap/gnome-46-2404/164
loop31        7:31   0   1.7M  1 loop /snap/gnome-system-monitor/193
loop32        7:32   0   1.5M  1 loop /snap/gnome-system-monitor/184
loop33        7:33   0   140K  1 loop /snap/gtk2-common-themes/13
loop34        7:34   0   402M  1 loop /snap/mesa-2404/1839
loop35        7:35   0  81.3M  1 loop /snap/gtk-common-themes/1534
loop36        7:36   0  91.7M  1 loop /snap/gtk-common-themes/1535
loop37        7:37   0 611.3M  1 loop /snap/pycharm-community/342
loop38        7:38   0 617.1M  1 loop /snap/pycharm-community/344
loop39        7:39   0  12.2M  1 loop /snap/snap-store/1216
loop40        7:40   0  12.3M  1 loop /snap/snap-store/959
loop41        7:41   0   452K  1 loop /snap/snapd-desktop-integration/83
loop42        7:42   0 128.2M  1 loop /snap/sublime-text/245
loop43        7:43   0 128.2M  1 loop /snap/sublime-text/251
loop44        7:44   0 119.4M  1 loop /snap/teams-for-linux/2522
loop45        7:45   0   1.5G  1 loop /snap/android-studio/247
loop46        7:46   0   4.4M  1 loop /snap/tree/54
loop47        7:47   0 365.3M  1 loop /snap/zoom-client/208
loop48        7:48   0 422.8M  1 loop /snap/zoom-client/279
loop49        7:49   0 108.2M  1 loop /snap/teams-for-linux/2609
mmcblk0     179:0    0   7.3G  0 disk 
└─mmcblk0p1 179:1    0   7.3G  0 part /media/ellenhsiao/EllenSD
nvme0n1     259:0    0   1.8T  0 disk 
├─nvme0n1p1 259:1    0   512M  0 part /boot/efi
├─nvme0n1p2 259:2    0   1.8T  0 part /var/snap/firefox/common/host-hunspell
│                                     /
└─nvme0n1p3 259:3    0     4G  0 part [SWAP]
[2026-10-06 15:27:28] Updating /home/ellenhsiao/build-target/uboot-imx (lf_v2023.04_var02)
Already on 'lf_v2023.04_var02'
Your branch is up to date with 'origin/lf_v2023.04_var02'.
From https://github.com/varigit/uboot-imx
 * branch              lf_v2023.04_var02 -> FETCH_HEAD
Already up to date.
  CLEAN   dts/../arch/arm/dts
  CLEAN   dts
  CLEAN   lib/efi_loader
  CLEAN   tools
  CLEAN   tools/lib tools/common
  CLEAN   spl/arch spl/board spl/boot spl/cmd spl/common spl/disk spl/drivers spl/dts spl/env spl/fs spl/lib spl/spl spl/u-boot.cfg spl/u-boot-spl spl/u-boot-spl.bin spl/u-boot-spl.cfgout spl/u-boot-spl.dtb spl/u-boot-spl-dtb.bin spl/u-boot-spl.lds spl/u-boot-spl.map spl/u-boot-spl-nodtb.bin spl/u-boot-spl.sym
  CLEAN   include/generated/env.in include/generated/env.txt u-boot u-boot.bin u-boot.cfg u-boot.dtb u-boot-dtb.bin u-boot-dtb.img u-boot.elf u-boot-elf.lds u-boot-elf.o u-boot.img u-boot.lds u-boot.map u-boot-nodtb.bin u-boot.srec u-boot.sym System.map
  CLEAN   scripts/basic
  CLEAN   scripts/dtc
  CLEAN   scripts/kconfig
  CLEAN   include/config include/generated spl
  CLEAN   .config .config.old include/autoconf.mk include/autoconf.mk.dep include/config.h
  HOSTCC  scripts/basic/fixdep
  HOSTCC  scripts/kconfig/conf.o
  YACC    scripts/kconfig/zconf.tab.c
  LEX     scripts/kconfig/zconf.lex.c
  HOSTCC  scripts/kconfig/zconf.tab.o
  HOSTLD  scripts/kconfig/conf
#
# configuration written to .config
#
scripts/kconfig/conf  --syncconfig Kconfig
  UPD     include/config.h
  CFG     u-boot.cfg
  GEN     include/autoconf.mk.dep
  CFG     spl/u-boot.cfg
  GEN     include/autoconf.mk
  GEN     spl/include/autoconf.mk
  UPD     include/generated/dt.h
  ENVC    include/generated/env.txt
  UPD     include/generated/timestamp_autogenerated.h
  UPD     include/config/uboot.release
  ENVP    include/generated/env.in
  ENVT    include/generated/environment.h
  HOSTCC  scripts/dtc/dtc.o
  HOSTCC  scripts/dtc/flattree.o
  UPD     include/generated/version_autogenerated.h
  HOSTCC  scripts/dtc/fstree.o
  HOSTCC  scripts/dtc/data.o
  HOSTCC  scripts/dtc/livetree.o
  HOSTCC  scripts/dtc/treesource.o
  HOSTCC  scripts/dtc/srcpos.o
  HOSTCC  scripts/dtc/checks.o
  HOSTCC  scripts/dtc/util.o
  LEX     scripts/dtc/dtc-lexer.lex.c
  YACC    scripts/dtc/dtc-parser.tab.h
  YACC    scripts/dtc/dtc-parser.tab.c
  CC      lib/asm-offsets.s
  CC      arch/arm/lib/asm-offsets.s
  UPD     include/generated/generic-asm-offsets.h
  UPD     include/generated/asm-offsets.h
  LDS     u-boot.lds
  LDS     u-boot-elf.lds
  HOSTCC  scripts/dtc/dtc-lexer.lex.o
  HOSTCC  scripts/dtc/dtc-parser.tab.o
  HOSTLD  scripts/dtc/dtc
  HOSTCC  tools/gen_eth_addr
  HOSTCC  tools/gen_ethaddr_crc.o
  WRAP    tools/lib/crc8.c
  HOSTCC  tools/img2srec
  HOSTCC  tools/mkenvimage.o
  HOSTCC  tools/os_support.o
  WRAP    tools/lib/crc32.c
  HOSTCC  tools/aisimage.o
  HOSTCC  tools/atmelimage.o
  HOSTCC  tools/fit_common.o
  HOSTCC  tools/fit_image.o
  HOSTCC  tools/image-host.o
  HOSTCC  tools/boot/image-fit.o
  HOSTCC  tools/image-sig-host.o
  HOSTCC  tools/boot/image-fit-sig.o
  HOSTCC  tools/boot/image-cipher.o
  HOSTCC  tools/boot/fdt_region.o
  HOSTCC  tools/boot/bootm.o
  HOSTCC  tools/lib/crc32.o
  HOSTCC  tools/default_image.o
  WRAP    tools/lib/fdtdec_common.c
  WRAP    tools/lib/fdtdec.c
  HOSTCC  tools/boot/image.o
  HOSTCC  tools/boot/image-host.o
  HOSTCC  tools/imagetool.o
  HOSTCC  tools/imximage.o
  HOSTCC  tools/imx8image.o
  HOSTCC  tools/imx8mimage.o
  HOSTCC  tools/kwbimage.o
  WRAP    tools/lib/md5.c
  HOSTCC  tools/lpc32xximage.o
  HOSTCC  tools/mxsimage.o
  HOSTCC  tools/omapimage.o
  HOSTCC  tools/pblimage.o
  HOSTCC  tools/pbl_crc32.o
  HOSTCC  tools/vybridimage.o
  HOSTCC  tools/stm32image.o
  WRAP    tools/lib/rc4.c
  HOSTCC  tools/rkcommon.o
  HOSTCC  tools/rkimage.o
  HOSTCC  tools/rksd.o
  HOSTCC  tools/rkspi.o
  HOSTCC  tools/socfpgaimage.o
  HOSTCC  tools/sunxi_egon.o
  WRAP    tools/lib/crc16-ccitt.c
  WRAP    tools/lib/hash-checksum.c
  WRAP    tools/lib/sha1.c
  WRAP    tools/lib/sha256.c
  WRAP    tools/lib/sha512.c
  WRAP    tools/common/hash.c
  HOSTCC  tools/ublimage.o
  HOSTCC  tools/zynqimage.o
  HOSTCC  tools/zynqmpimage.o
  HOSTCC  tools/zynqmpbif.o
  WRAP    tools/lib/fdt-libcrypto.c
  HOSTCC  tools/sunxi_toc0.o
  HOSTCC  tools/libfdt/fdt.o
  HOSTCC  tools/libfdt/fdt_ro.o
  HOSTCC  tools/libfdt/fdt_wip.o
  HOSTCC  tools/libfdt/fdt_sw.o
  HOSTCC  tools/libfdt/fdt_rw.o
  HOSTCC  tools/libfdt/fdt_strerror.o
  HOSTCC  tools/libfdt/fdt_empty_tree.o
  HOSTCC  tools/libfdt/fdt_addresses.o
  HOSTCC  tools/libfdt/fdt_overlay.o
  HOSTCC  tools/gpimage.o
  HOSTCC  tools/gpimage-common.o
  HOSTCC  tools/mtk_image.o
  HOSTCC  tools/mtk_nand_headers.o
  WRAP    tools/lib/ecdsa/ecdsa-libcrypto.c
  WRAP    tools/lib/rsa/rsa-sign.c
  WRAP    tools/lib/rsa/rsa-verify.c
  WRAP    tools/lib/rsa/rsa-mod-exp.c
  WRAP    tools/lib/aes/aes-encrypt.c
  WRAP    tools/lib/aes/aes-decrypt.c
  HOSTCC  tools/dumpimage.o
  HOSTCC  tools/lib/fdtdec_common.o
  HOSTCC  tools/lib/fdtdec.o
  HOSTCC  tools/lib/md5.o
  HOSTCC  tools/lib/rc4.o
  HOSTCC  tools/lib/crc16-ccitt.o
  HOSTCC  tools/lib/hash-checksum.o
  HOSTCC  tools/lib/sha1.o
  HOSTCC  tools/lib/sha256.o
  HOSTCC  tools/lib/sha512.o
  HOSTCC  tools/common/hash.o
  HOSTCC  tools/lib/fdt-libcrypto.o
  HOSTCC  tools/lib/ecdsa/ecdsa-libcrypto.o
  HOSTCC  tools/lib/rsa/rsa-sign.o
  HOSTCC  tools/lib/rsa/rsa-verify.o
  HOSTCC  tools/lib/rsa/rsa-mod-exp.o
  HOSTCC  tools/lib/aes/aes-encrypt.o
  HOSTCC  tools/lib/aes/aes-decrypt.o
  HOSTCC  tools/mkimage.o
  HOSTCC  tools/fit_info.o
  HOSTCC  tools/fit_check_sign.o
  HOSTCC  tools/proftool.o
  WRAP    tools/lib/abuf.c
  HOSTCC  tools/relocate-rela
  HOSTCC  tools/fdtgrep.o
  HOSTCC  tools/spl_size_limit
  HOSTCC  tools/mkeficapsule
  HOSTCC  tools/lib/crc8.o
  HOSTLD  tools/mkenvimage
  HOSTCC  tools/lib/abuf.o
  HOSTLD  tools/gen_ethaddr_crc
  HOSTLD  tools/dumpimage
  HOSTLD  tools/mkimage
  HOSTLD  tools/fit_info
  HOSTLD  tools/fit_check_sign
  HOSTLD  tools/fdtgrep
  HOSTLD  tools/proftool
  AR      arch/arm/cpu/built-in.o
  CC      arch/arm/cpu/armv8/cpu.o
  CC      arch/arm/cpu/armv8/generic_timer.o
  AS      arch/arm/lib/crt0_64.o
  CC      arch/arm/cpu/armv8/cache_v8.o
  AS      arch/arm/lib/setjmp_aarch64.o
  AS      arch/arm/cpu/armv8/cache.o
  AS      arch/arm/cpu/armv8/exceptions.o
  CC      arch/arm/lib/bootm-fdt.o
  AS      arch/arm/lib/relocate_64.o
  CC      board/variscite/imx8mp_var_dart/imx8mp_var_dart.o
  AS      arch/arm/mach-imx/imx8m/lowlevel_init.o
  CC      boot/bootm.o
  CC      board/variscite/imx8mp_var_dart/../common/imx8_eeprom.o
  CC      arch/arm/lib/bootm.o
  CC      boot/bootm_os.o
  CC      arch/arm/cpu/armv8/exception_level.o
  CC      arch/arm/lib/image.o
  AS      arch/arm/cpu/armv8/tlb.o
  CC      arch/arm/lib/bdinfo.o
  CC      arch/arm/lib/sections.o
  CC      arch/arm/mach-imx/imx8m/clock_slice.o
  CC      cmd/boot.o
  AS      arch/arm/cpu/armv8/transition.o
  CC      arch/arm/lib/stack.o
  CC      arch/arm/cpu/armv8/fwcall.o
  CC      arch/arm/mach-imx/imx8m/soc.o
  CC      arch/arm/lib/interrupts_64.o
  AR      cmd/arm/built-in.o
  CC      boot/pxe_utils.o
  CC      arch/arm/mach-imx/iomux-v3.o
  CC      arch/arm/mach-imx/imx_bootaux.o
  CC      board/variscite/imx8mp_var_dart/../common/mmc.o
  CC      board/variscite/imx8mp_var_dart/../common/eth.o
  CC      arch/arm/mach-imx/mmc_env.o
  CC      cmd/bootm.o
  CC      common/main.o
  CC      arch/arm/cpu/armv8/cpu-dt.o
  CC      common/init/board_init.o
  CC      arch/arm/lib/cache.o
  CC      common/exports.o
  CC      board/variscite/imx8mp_var_dart/../common/extcon-ptn5150.o
  CC      boot/image.o
  CC      arch/arm/mach-imx/imx8m/clock_imx8mm.o
  CC      board/variscite/imx8mp_var_dart/../common/imx8_dram.o
  CC      boot/image-board.o
  AS      arch/arm/cpu/armv8/smccc-call.o
  CC      common/cli_hush.o
  CC      cmd/help.o
  AR      common/init/built-in.o
  CC      arch/arm/lib/psci-dt.o
  AR      arch/arm/lib/lib.a
  AS      arch/arm/lib/crt0_aarch64_efi.o
  CC      cmd/panic.o
  AR      board/variscite/imx8mp_var_dart/built-in.o
  CC      disk/part.o
  AR      arch/arm/mach-imx/imx8m/built-in.o
  CC      arch/arm/cpu/armv8/sha1_ce_glue.o
  CC      disk/disk-uclass.o
  CC      arch/arm/lib/reloc_aarch64_efi.o
  CC      boot/image-android.o
  AS      arch/arm/cpu/armv8/sha1_ce_core.o
  CC      arch/arm/cpu/armv8/sha256_ce_glue.o
  CC      common/autoboot.o
  CC      cmd/version.o
  CC      common/board_f.o
  CC      arch/arm/mach-imx/mac.o
  CC      common/board_r.o
  CC      disk/part_dos.o
  CC      cmd/blk_common.o
  CC      common/board_info.o
  AR      arch/arm/lib/built-in.o
  CC      common/fdt_support.o
  AS      arch/arm/cpu/armv8/sha256_ce_core.o
  CC      boot/image-android-dt.o
  AS      arch/arm/cpu/armv8/start.o
  CC      arch/arm/mach-imx/i2c-mxv7.o
  CC      disk/part_iso.o
  CC      disk/part_efi.o
  CC      arch/arm/mach-imx/cpu.o
  CC      common/miiphyutil.o
  CC      boot/bootdev-uclass.o
  CC      common/usb.o
  AR      arch/arm/cpu/armv8/built-in.o
  CC      boot/bootflow.o
  CC      arch/arm/mach-imx/misc.o
  CC      arch/arm/mach-imx/dt_optee.o
  CC      boot/bootmeth-uclass.o
  AR      disk/built-in.o
  AR      drivers/adc/built-in.o
  CC      common/usb_hub.o
  CC      common/usb_storage.o
  CC      arch/arm/mach-imx/spl_imx_romapi.o
  CC      arch/arm/mach-imx/romapi.o
  CC      common/iomux.o
  AR      drivers/usb/cdns3/built-in.o
  CC      cmd/bootflow.o
  CC      drivers/usb/common/common.o
  CC      boot/bootstd-uclass.o
  AR      drivers/ata/built-in.o
  CC      boot/bootmeth_distro.o
  CC      cmd/source.o
  AR      arch/arm/mach-imx/built-in.o
  CC      boot/bootmeth_pxe.o
  CC      drivers/usb/dwc3/core.o
  CC      drivers/usb/dwc3/gadget.o
  CC      common/splash.o
  AR      drivers/usb/common/built-in.o
  CC      cmd/bdinfo.o
  AR      drivers/axi/built-in.o
  CC      common/menu.o
  CC      drivers/usb/dwc3/ep0.o
  CC      boot/bootmeth_efi.o
  AR      drivers/usb/emul/built-in.o
  CC      boot/image-fdt.o
  CC      common/update.o
  AR      drivers/usb/dwc3/dwc3.o
  CC      common/cli_getch.o
  AR      drivers/usb/eth/built-in.o
  CC      common/cli_readline.o
  CC      drivers/block/blk-uclass.o
  CC      common/cli_simple.o
  AR      drivers/usb/dwc3/built-in.o
  CC      boot/fdt_region.o
  CC      drivers/usb/gadget/epautoconf.o
  CC      boot/image-fit.o
  CC      drivers/usb/gadget/config.o
  CC      drivers/usb/gadget/udc/udc-core.o
  AR      drivers/bus/built-in.o
  CC      drivers/block/blkcache.o
  CC      common/console.o
  CC      common/dlmalloc.o
  CC      common/malloc_simple.o
  CC      drivers/usb/host/usb-uclass.o
  CC      drivers/usb/host/usb_bootdev.o
  CC      drivers/usb/gadget/usbstring.o
  CC      drivers/usb/gadget/udc/udc-uclass.o
  CC      drivers/usb/host/xhci.o
  CC      boot/image-sig.o
  AR      drivers/block/built-in.o
  CC      boot/image-fit-sig.o
  CC      common/event.o
  CC      cmd/blkcache.o
  CC      drivers/usb/host/xhci-mem.o
  CC      drivers/usb/gadget/g_dnl.o
  CC      common/hash.o
  AR      drivers/cache/built-in.o
  AR      drivers/usb/imx/built-in.o
  AR      drivers/usb/gadget/udc/built-in.o
  CC      common/memsize.o
  CC      boot/vbe.o
  CC      boot/vbe_request.o
  CC      cmd/bootefi.o
  CC      drivers/usb/host/xhci-ring.o
  AR      drivers/clk/analogbits/built-in.o
  CC      drivers/usb/host/xhci-dwc3.o
  CC      drivers/core/device.o
  CC      common/stdio.o
  CC      drivers/usb/gadget/f_dfu.o
  AR      drivers/usb/isp1760/built-in.o
  CC      drivers/dfu/dfu.o
  CC      boot/vbe_simple.o
  AR      drivers/crypto/aspeed/built-in.o
  CC      cmd/booti.o
  CC      drivers/clk/imx/clk-gate2.o
  CC      drivers/dfu/dfu_mmc.o
  CC      drivers/usb/host/xhci-imx8m.o
  CC      drivers/crypto/fsl/sec.o
  AR      drivers/crypto/hash/built-in.o
  CC      common/cli.o
  CC      common/dfu.o
  CC      drivers/core/fdtaddr.o
  CC      drivers/usb/gadget/f_mass_storage.o
  CC      cmd/cache.o
  CC      boot/vbe_simple_os.o
  CC      cmd/clk.o
  CC      drivers/dfu/dfu_ram.o
  CC      drivers/clk/imx/clk-pllv3.o
  CC      drivers/crypto/fsl/jr.o
  AR      drivers/usb/host/built-in.o
  CC      drivers/dfu/dfu_alt.o
  CC      drivers/core/lists.o
  CC      common/command.o
  CC      drivers/core/root.o
  CC      drivers/usb/gadget/f_fastboot.o
  AR      boot/built-in.o
  AR      drivers/usb/mtu3/built-in.o
  CC      drivers/core/uclass.o
  CC      cmd/console.o
  CC      cmd/date.o
  CC      drivers/clk/imx/clk-pfd.o
  CC      drivers/crypto/fsl/fsl_hash.o
  AR      drivers/dfu/built-in.o
  CC      drivers/crypto/fsl/jobdesc.o
  CC      drivers/core/util.o
  CC      common/s_record.o
  AR      drivers/usb/gadget/built-in.o
  CC      drivers/core/tag.o
  CC      common/xyzModem.o
  CC      drivers/clk/imx/clk-imx8mp.o
  CC      cmd/dm.o
  CC      drivers/crypto/fsl/error.o
  CC      drivers/core/device-remove.o
  CC      drivers/crypto/fsl/fsl_blob.o
  AR      drivers/usb/musb/built-in.o
  CC      drivers/firmware/firmware-uclass.o
  CC      cmd/echo.o
  CC      drivers/firmware/psci.o
  CC      drivers/fastboot/fb_fsl/fb_fsl_dev.o
  CC      drivers/gpio/gpio-uclass.o
  AR      common/built-in.o
  AR      drivers/usb/musb-new/built-in.o
  CC      drivers/fastboot/fb_fsl/fb_fsl_boot.o
  CC      drivers/clk/imx/clk-pll14xx.o
  CC      drivers/fastboot/fb_fsl/fb_fsl_command.o
  CC      drivers/core/simple-bus.o
  CC      drivers/crypto/fsl/fsl_rsa.o
  CC      drivers/clk/imx/clk-composite-8m.o
  CC      cmd/efidebug.o
  AR      drivers/firmware/built-in.o
  CC      drivers/gpio/pca953x_gpio.o
  CC      drivers/gpio/mxc_gpio.o
  CC      drivers/fastboot/fb_fsl/fb_fsl_common.o
  CC      drivers/core/dump.o
  AR      drivers/usb/phy/built-in.o
  AR      drivers/crypto/fsl/built-in.o
  AR      drivers/clk/tegra/built-in.o
  AR      drivers/crypto/nuvoton/built-in.o
  CC      drivers/core/regmap.o
  AR      drivers/clk/imx/built-in.o
  CC      drivers/fastboot/fb_common.o
  CC      cmd/eficonfig.o
  CC      cmd/elf.o
  AR      drivers/gpio/built-in.o
  CC      drivers/crypto/rsa_mod_exp/mod_exp_uclass.o
  CC      cmd/exit.o
  CC      drivers/core/syscon-uclass.o
  AR      drivers/usb/ulpi/built-in.o
  CC      drivers/fastboot/fb_fsl/fb_fsl_getvar.o
  CC      drivers/i2c/i2c-uclass.o
  CC      drivers/clk/clk-uclass.o
  CC      drivers/i2c/mxc_i2c.o
  CC      drivers/core/of_extra.o
  AR      drivers/clk/ti/built-in.o
  CC      drivers/core/ofnode.o
  CC      drivers/fastboot/fb_fsl/fb_fsl_partitions.o
  CC      cmd/ext4.o
  AR      drivers/crypto/rsa_mod_exp/built-in.o
  CC      drivers/input/key_matrix.o
  CC      drivers/clk/clk_fixed_rate.o
  CC      drivers/core/read_extra.o
  CC      drivers/clk/clk_fixed_factor.o
  CC      cmd/ext2.o
  CC      drivers/clk/clk.o
  AR      drivers/crypto/built-in.o
  CC      drivers/clk/clk-divider.o
  AR      drivers/i2c/built-in.o
  AR      drivers/iommu/built-in.o
  AR      drivers/fastboot/fb_fsl/built-in.o
  CC      drivers/clk/clk-mux.o
  AR      drivers/input/built-in.o
  AR      drivers/core/built-in.o
  CC      drivers/clk/clk-gate.o
  CC      cmd/fat.o
  CC      cmd/fdt.o
  AR      drivers/fastboot/built-in.o
  AR      drivers/mailbox/built-in.o
  CC      drivers/clk/clk-fixed-factor.o
  CC      drivers/led/led-uclass.o
  AR      drivers/memory/built-in.o
  CC      drivers/clk/clk-composite.o
  AR      drivers/mfd/built-in.o
  CC      drivers/led/led_gpio.o
  CC      cmd/fs.o
  CC      env/common.o
  CC      drivers/misc/misc-uclass.o
  CC      drivers/mmc/mmc.o
  CC      fs/ext4/ext4fs.o
  CC      fs/fat/fat_write.o
  AR      drivers/clk/built-in.o
  AR      drivers/led/built-in.o
  CC      cmd/fuse.o
  AR      drivers/mtd/nand/built-in.o
  CC      lib/bzip2/bzlib.o
  AR      drivers/net/mscc_eswitch/built-in.o
  CC      drivers/misc/mxc_ocotp.o
  AR      drivers/phy/allwinner/built-in.o
  CC      env/env.o
  CC      env/attr.o
  CC      drivers/mmc/mmc-uclass.o
  CC      fs/ext4/ext4_common.o
  AR      fs/fat/built-in.o
  CC      cmd/gettime.o
  AR      drivers/mtd/onenand/built-in.o
  CC      lib/bzip2/bzlib_crctable.o
  AR      drivers/misc/built-in.o
  AR      drivers/phy/cadence/built-in.o
  CC      drivers/net/phy/phy.o
  AR      drivers/phy/marvell/built-in.o
  CC      drivers/net/phy/adin.o
  CC      env/flags.o
  CC      drivers/net/phy/atheros.o
  CC      cmd/gpio.o
  CC      fs/ext4/dev.o
  CC      drivers/mmc/mmc_bootdev.o
  CC      env/callback.o
  CC      lib/bzip2/bzlib_decompress.o
  AR      drivers/mtd/spi/built-in.o
  AR      lib/crypto/built-in.o
  AR      drivers/phy/qcom/built-in.o
  CC      env/nowhere.o
  CC      lib/bzip2/bzlib_randtable.o
  CC      drivers/net/phy/mxl-8611x.o
  AR      drivers/mtd/built-in.o
  CC      fs/ext4/ext4_write.o
  CC      drivers/mmc/mmc_write.o
  CC      env/mmc.o
  CC      lib/efi_driver/efi_uclass.o
  CC      cmd/i2c.o
  CC      lib/bzip2/bzlib_huffman.o
  CC      cmd/hash.o
  CC      cmd/itest.o
  AR      drivers/phy/rockchip/built-in.o
  CC      fs/fs.o
  CC      cmd/led.o
  AR      drivers/net/phy/built-in.o
  CC      fs/ext4/ext4_journal.o
  AR      lib/bzip2/built-in.o
  CC      lib/efi_driver/efi_block_device.o
  CC      fs/fs_internal.o
  AR      env/built-in.o
  CC      drivers/mmc/mmc_boot.o
  CC      drivers/mmc/fsl_esdhc_imx.o
  AR      drivers/phy/socionext/built-in.o
  CC      drivers/mmc/rpmb.o
  CC      cmd/load.o
  AR      drivers/net/qe/built-in.o
  CC      cmd/mem.o
  AR      fs/ext4/built-in.o
  CC      drivers/phy/phy-uclass.o
  CC      cmd/mii.o
  AR      drivers/net/ti/built-in.o
  AR      drivers/phy/ti/built-in.o
  CC      drivers/net/eth-phy-uclass.o
  AR      lib/efi_driver/built-in.o
  CC      drivers/net/dwc_eth_qos.o
  CC      net/arp.o
  AR      fs/built-in.o
  CC      net/bootp.o
  CC      net/eth-uclass.o
  CC      drivers/net/dwc_eth_qos_imx.o
  AR      drivers/mmc/built-in.o
  CC      drivers/net/fec_mxc.o
  CC      drivers/phy/phy-imx8mq-usb.o
  CC      cmd/mdio.o
  CC      cmd/sleep.o
  CC      lib/efi_loader/efi_bootmgr.o
  CC      lib/libfdt/fdt.o
  CC      lib/libfdt/fdt_ro.o
  CC      net/eth_bootdev.o
  CC      lib/lzma/LzmaDec.o
  CC      lib/libfdt/fdt_wip.o
  CC      lib/lzo/lzo1x_decompress.o
  CC      lib/libfdt/fdt_strerror.o
  AR      drivers/net/built-in.o
  CC      net/eth_common.o
  AR      drivers/phy/built-in.o
  CC      cmd/mmc.o
  CC      cmd/net.o
  CC      lib/efi_loader/efi_boottime.o
  CC      cmd/nvedit_efi.o
  CC      lib/libfdt/fdt_sw.o
  AR      lib/lzo/built-in.o
  CC      cmd/part.o
  CC      lib/lzma/LzmaTools.o
  CC      lib/libfdt/fdt_rw.o
  CC      cmd/pinmux.o
  CC      net/net.o
  CC      cmd/pxe.o
  CC      lib/efi_loader/efi_helper.o
  AR      drivers/pinctrl/broadcom/built-in.o
  AR      lib/lzma/built-in.o
  CC      lib/efi_loader/efi_capsule.o
  CC      lib/efi_loader/efi_firmware.o
  CC      lib/libfdt/fdt_empty_tree.o
  CC      lib/efi_loader/efi_console.o
  CC      cmd/read.o
  CC      lib/libfdt/fdt_addresses.o
  CC      drivers/pinctrl/nxp/pinctrl-imx.o
  CC      lib/efi_loader/efi_device_path.o
  CC      drivers/pinctrl/nxp/pinctrl-imx8m.o
  CC      lib/rsa/rsa-verify.o
  CC      lib/libfdt/fdt_overlay.o
  CC      drivers/pinctrl/pinctrl-uclass.o
  CC      net/nfs.o
  CC      net/ping.o
  CC      cmd/rtc.o
  CC      cmd/setexpr.o
  CC      net/sntp.o
  CC      lib/efi_loader/efi_device_path_to_text.o
  AR      drivers/pinctrl/nxp/built-in.o
  CC      net/tftp.o
  CC      net/fastboot.o
  AR      lib/libfdt/built-in.o
  AR      lib/rsa/built-in.o
  CC      lib/efi_loader/efi_device_path_utilities.o
  CC      cmd/sysboot.o
  CC      cmd/time.o
  CC      drivers/pinctrl/pinctrl-generic.o
  CC      cmd/timer.o
  CC      lib/zlib/zlib.o
  CC      net/udp.o
  CC      lib/charset.o
  CC      lib/crc8.o
  CC      cmd/test.o
  CC      lib/crc16.o
  CC      lib/crc16-ccitt.o
  CC      lib/fdtdec_common.o
  CC      lib/smbios.o
  CC      lib/efi_loader/efi_dt_fixup.o
  CC      lib/image-sparse.o
  AR      drivers/pinctrl/built-in.o
  CC      lib/efi_loader/efi_file.o
  AR      net/built-in.o
  CC      cmd/unlz4.o
  CC      lib/ldiv.o
  CC      cmd/unzip.o
  CC      lib/net_utils.o
  AR      drivers/power/pmic/built-in.o
  CC      lib/efi_loader/efi_hii.o
  CC      lib/rc4.o
  CC      drivers/power/regulator/regulator-uclass.o
  CC      lib/sha256.o
  CC      lib/list_sort.o
  CC      drivers/power/regulator/regulator_common.o
  CC      lib/md5.o
  AR      lib/zlib/built-in.o
  CC      lib/hash-checksum.o
  CC      lib/efi_loader/efi_image_loader.o
  CC      cmd/lzmadec.o
  CC      cmd/usb.o
  CC      cmd/disk.o
  CC      cmd/fastboot.o
  CC      drivers/power/regulator/fixed.o
  CC      lib/efi_loader/efi_load_options.o
  CC      lib/sha1.o
  CC      lib/efi_loader/efi_memory.o
  CC      lib/efi_loader/efi_root_node.o
  CC      lib/sha512.o
  AR      drivers/pwm/built-in.o
  CC      lib/gunzip.o
  CC      lib/lz4_wrapper.o
  CC      cmd/usb_mass_storage.o
  CC      cmd/ximg.o
  CC      drivers/power/regulator/gpio-regulator.o
  AR      drivers/reset/built-in.o
  CC      lib/efi_loader/efi_runtime.o
  CC      lib/fdtdec.o
  AR      drivers/scsi/built-in.o
  CC      drivers/rtc/rtc-uclass.o
  CC      lib/efi_loader/efi_setup.o
  CC      drivers/serial/serial-uclass.o
  CC      drivers/serial/serial_mxc.o
  CC      lib/qsort.o
  CC      cmd/dfu.o
  AR      drivers/power/regulator/built-in.o
  AR      drivers/smem/built-in.o
  AR      drivers/soc/built-in.o
  AR      drivers/sound/built-in.o
  CC      cmd/gpt.o
  CC      lib/efi_loader/efi_string.o
  CC      drivers/rtc/emul_rtc.o
  CC      lib/hashtable.o
  CC      lib/efi_loader/efi_unicode_collation.o
  CC      cmd/regulator.o
  AR      drivers/serial/built-in.o
  CC      lib/efi_loader/efi_var_common.o
  AR      drivers/power/built-in.o
  AR      drivers/spmi/built-in.o
  CC      lib/efi_loader/efi_var_mem.o
  CC      lib/efi_loader/efi_var_file.o
  CC      lib/efi_loader/efi_variable.o
  CC      lib/efi_loader/efi_watchdog.o
  CC      drivers/sysreset/sysreset-uclass.o
  CC      lib/efi_loader/efi_esrt.o
  CC      lib/efi_loader/efi_disk.o
  CC      cmd/nvedit.o
  CC      lib/errno.o
  CC      lib/efi_loader/efi_net.o
  CC      lib/display_options.o
  CC      drivers/tee/broadcom/chimp_optee.o
  CC      lib/efi_loader/efi_smbios.o
  CC      lib/efi_loader/efi_load_initrd.o
  CC      lib/efi_loader/efi_conformance.o
  CC      lib/crc32.o
  CC      drivers/sysreset/sysreset_psci.o
  CC      lib/efi_loader/helloworld.o
  CC      lib/ctype.o
  AR      cmd/built-in.o
  CC      drivers/tee/tee-uclass.o
  AR      drivers/tee/broadcom/built-in.o
  CC      drivers/tee/optee/core.o
  CC      drivers/tee/optee/supplicant.o
  AS      lib/efi_loader/efi_crt0.o
  CC      lib/div64.o
  CC      lib/efi_loader/efi_reloc.o
  AR      drivers/sysreset/built-in.o
  CC      drivers/thermal/thermal-uclass.o
  AR      drivers/ufs/built-in.o
  CC      drivers/thermal/imx_tmu.o
  CC      lib/efi_loader/efi_freestanding.o
  CC      lib/hang.o
  CC      lib/linux_compat.o
  CC      drivers/tee/optee/i2c.o
  CC      lib/linux_string.o
  AR      drivers/video/bridge/built-in.o
  AR      drivers/watchdog/built-in.o
  CC      lib/lmb.o
  CC      lib/efi_loader/dtbdump.o
  AR      drivers/thermal/built-in.o
  CC      lib/membuff.o
  CC      drivers/tee/optee/rpmb.o
  AR      drivers/video/sunxi/built-in.o
  CC      lib/efi_loader/initrddump.o
  CC      lib/slre.o
  AR      drivers/video/nxp/layerscape/built-in.o
  AR      drivers/video/ti/built-in.o
  AR      drivers/video/nxp/imx/hdmi/built-in.o
  CC      lib/string.o
  CC      lib/tables_csum.o
  CC      lib/time.o
  CC      lib/hexdump.o
  CC      lib/uuid.o
  AR      lib/efi_loader/built-in.o
  AR      drivers/video/nxp/imx/built-in.o
  CC      lib/rand.o
  CC      lib/panic.o
  AR      drivers/tee/optee/built-in.o
  CC      lib/vsprintf.o
  AR      drivers/video/nxp/built-in.o
  LD      lib/efi_loader/helloworld_efi.so
  CC      lib/strto.o
  CC      lib/abuf.o
  CC      lib/date.o
  CC      lib/rtc-lib.o
  AR      drivers/tee/built-in.o
  AR      drivers/video/built-in.o
  CC      lib/elf.o
  LD      lib/efi_loader/dtbdump_efi.so
  LD      lib/efi_loader/initrddump_efi.so
  OBJCOPY lib/efi_loader/helloworld.efi
  OBJCOPY lib/efi_loader/dtbdump.efi
  OBJCOPY lib/efi_loader/initrddump.efi
  AR      lib/built-in.o
  AR      drivers/rtc/built-in.o
  AR      drivers/built-in.o
  LD      u-boot
  OBJCOPY u-boot.srec
  OBJCOPY u-boot-nodtb.bin
  SYM     u-boot.sym
  DTC     arch/arm/dts/imx8mm-data-modul-edm-sbc.dtb
  DTC     arch/arm/dts/imx8mm-ddr4-evk.dtb
  DTC     arch/arm/dts/imx8mm-ddr4-ab2.dtb
  DTC     arch/arm/dts/imx8mm-ddr3l-val.dtb
  DTC     arch/arm/dts/imx8mm-ddr4-val.dtb
  RELOC   u-boot-nodtb.bin
  DTC     arch/arm/dts/imx8mm-evk.dtb
  DTC     arch/arm/dts/imx8mm-ab2.dtb
  DTC     arch/arm/dts/imx8mm-icore-mx8mm-ctouch2.dtb
  DTC     arch/arm/dts/imx8mm-icore-mx8mm-edimm2.2.dtb
  DTC     arch/arm/dts/imx8mm-kontron-bl.dtb
  DTC     arch/arm/dts/imx8mm-kontron-bl-osm-s.dtb
  DTC     arch/arm/dts/imx8mm-mx8menlo.dtb
  DTC     arch/arm/dts/imx8mm-phg.dtb
  DTC     arch/arm/dts/imx8mm-var-dart-customboard.dtb
  DTC     arch/arm/dts/imx8mm-var-som-symphony.dtb
  DTC     arch/arm/dts/imx8mm-venice.dtb
  DTC     arch/arm/dts/imx8mm-venice-gw71xx-0x.dtb
  DTC     arch/arm/dts/imx8mm-venice-gw72xx-0x.dtb
  DTC     arch/arm/dts/imx8mm-venice-gw73xx-0x.dtb
  DTC     arch/arm/dts/imx8mm-venice-gw7901.dtb
  DTC     arch/arm/dts/imx8mm-venice-gw7902.dtb
  DTC     arch/arm/dts/imx8mm-venice-gw7903.dtb
  DTC     arch/arm/dts/imx8mm-venice-gw7904.dtb
  DTC     arch/arm/dts/imx8mm-verdin-wifi-dev.dtb
  DTC     arch/arm/dts/phycore-imx8mm.dtb
  DTC     arch/arm/dts/imx8mn-bsh-smm-s2.dtb
  DTC     arch/arm/dts/imx8mn-bsh-smm-s2pro.dtb
  DTC     arch/arm/dts/imx8mn-ddr3l-evk.dtb
  DTC     arch/arm/dts/imx8mn-ddr4-evk.dtb
  DTC     arch/arm/dts/imx8mn-ddr4-ab2.dtb
  DTC     arch/arm/dts/imx8mq-cm.dtb
  DTC     arch/arm/dts/imx8mn-evk.dtb
  DTC     arch/arm/dts/imx8mn-ab2.dtb
  DTC     arch/arm/dts/imx8mn-var-som-symphony.dtb
  DTC     arch/arm/dts/imx8mn-venice.dtb
  DTC     arch/arm/dts/imx8mn-venice-gw7902.dtb
  DTC     arch/arm/dts/imx8mq-ddr3l-val.dtb
  DTC     arch/arm/dts/imx8mq-ddr4-val.dtb
  DTC     arch/arm/dts/imx8mq-evk.dtb
  DTC     arch/arm/dts/imx8mq-var-dart-dt8mcustomboard.dtb
  DTC     arch/arm/dts/imx8mm-beacon-kit.dtb
  DTC     arch/arm/dts/imx8mn-beacon-kit.dtb
  DTC     arch/arm/dts/imx8mq-mnt-reform2.dtb
  DTC     arch/arm/dts/imx8mq-phanbell.dtb
  DTC     arch/arm/dts/imx8mp-dhcom-pdk2.dtb
  DTC     arch/arm/dts/imx8mp-ddr4-evk.dtb
  DTC     arch/arm/dts/imx8mp-evk.dtb
  DTC     arch/arm/dts/imx8mp-icore-mx8mp-edimm2.2.dtb
  DTC     arch/arm/dts/imx8mp-msc-sm2s.dtb
  DTC     arch/arm/dts/imx8mp-phyboard-pollux-rdk.dtb
  DTC     arch/arm/dts/imx8mp-venice.dtb
  DTC     arch/arm/dts/imx8mp-venice-gw74xx.dtb
  DTC     arch/arm/dts/imx8mp-verdin-wifi-dev.dtb
  DTC     arch/arm/dts/imx8mp-var-dart-dt8mcustomboard.dtb
  DTC     arch/arm/dts/imx8mp-var-dart-1.x-dt8mcustomboard.dtb
  DTC     arch/arm/dts/imx8mp-var-som-symphony.dtb
  DTC     arch/arm/dts/imx8mq-pico-pi.dtb
  DTC     arch/arm/dts/imx8mq-kontron-pitx-imx8m.dtb
  DTC     arch/arm/dts/imx8mq-librem5-r4.dtb
  SHIPPED dts/dt.dtb
  CAT     u-boot-dtb.bin
  MKIMAGE u-boot.img
  COPY    u-boot.dtb
  MKIMAGE u-boot-dtb.img
  COPY    u-boot.bin
  LD      u-boot.elf
  CC      spl/./lib/asm-offsets.s
  CC      spl/./arch/arm/lib/asm-offsets.s
  LDS     spl/u-boot-spl.lds
  UPD     spl/./include/generated/generic-asm-offsets.h
  UPD     spl/./include/generated/asm-offsets.h
mkdir -p spl/dts/
  FDTGREP spl/dts/dt-spl.dtb
  AR      spl/arch/arm/cpu/built-in.o
  CC      spl/arch/arm/cpu/armv8/cpu.o
  AS      spl/arch/arm/lib/crt0_64.o
  CC      spl/board/variscite/imx8mp_var_dart/imx8mp_var_dart.o
  CC      spl/common/init/board_init.o
  CC      spl/common/spl/spl.o
  CC      spl/arch/arm/mach-imx/iomux-v3.o
  CC      spl/boot/image.o
  CC      spl/common/fdt_support.o
  CC      spl/cmd/nvedit.o
  CC      spl/common/spl/spl_bootrom.o
  AS      spl/arch/arm/mach-imx/imx8m/lowlevel_init.o
  CC      spl/boot/image-board.o
  AS      spl/arch/arm/lib/setjmp_aarch64.o
  CC      spl/arch/arm/mach-imx/imx8m/clock_slice.o
  CC      spl/arch/arm/mach-imx/imx8m/soc.o
  CC      spl/board/variscite/imx8mp_var_dart/../common/imx8_eeprom.o
  CC      spl/arch/arm/lib/spl.o
  CC      spl/arch/arm/mach-imx/imx8m/clock_imx8mm.o
  CC      spl/board/variscite/imx8mp_var_dart/spl.o
  CC      spl/arch/arm/cpu/armv8/generic_timer.o
  AR      spl/common/init/built-in.o
  AR      spl/cmd/built-in.o
  AR      spl/arch/arm/mach-imx/imx8m/built-in.o
  CC      spl/board/variscite/imx8mp_var_dart/lpddr4_timing.o
  CC      spl/common/spl/spl_fit.o
  CC      spl/arch/arm/cpu/armv8/cache_v8.o
  CC      spl/common/console.o
  CC      spl/arch/arm/lib/image.o
  CC      spl/arch/arm/mach-imx/mmc_env.o
  AR      spl/env/built-in.o
  AS      spl/arch/arm/cpu/armv8/cache.o
  CC      spl/boot/image-android.o
  CC      spl/boot/image-android-dt.o
  CC      spl/common/dlmalloc.o
  CC      spl/arch/arm/mach-imx/mac.o
  CC      spl/common/malloc_simple.o
  AS      spl/arch/arm/cpu/armv8/tlb.o
  CC      spl/disk/part.o
  AR      spl/lib/crypto/built-in.o
  CC      spl/arch/arm/lib/bootm-fdt.o
  CC      spl/arch/arm/mach-imx/i2c-mxv7.o
  CC      spl/lib/libfdt/fdt.o
  CC      spl/boot/image-fdt.o
  CC      spl/disk/disk-uclass.o
  CC      spl/common/hash.o
  CC      spl/boot/image-fit.o
  AS      spl/arch/arm/cpu/armv8/transition.o
  CC      spl/arch/arm/lib/bdinfo.o
  CC      spl/arch/arm/mach-imx/cpu.o
  CC      spl/lib/libfdt/fdt_ro.o
  CC      spl/arch/arm/cpu/armv8/fwcall.o
  CC      spl/disk/part_efi.o
  CC      spl/arch/arm/lib/sections.o
  CC      spl/disk/part_dos.o
  CC      spl/common/memsize.o
  CC      spl/boot/common_fit.o
  CC      spl/drivers/block/blk-uclass.o
  CC      spl/arch/arm/mach-imx/misc.o
  CC      spl/arch/arm/cpu/armv8/cpu-dt.o
  CC      spl/lib/libfdt/fdt_wip.o
  CC      spl/arch/arm/lib/stack.o
  CC      spl/arch/arm/mach-imx/spl.o
  CC      spl/common/stdio.o
  CC      spl/arch/arm/mach-imx/dt_optee.o
  AR      spl/disk/built-in.o
  AR      spl/boot/built-in.o
  AR      spl/drivers/block/built-in.o
  AS      spl/arch/arm/cpu/armv8/smccc-call.o
  CC      spl/lib/libfdt/fdt_strerror.o
  CC      spl/arch/arm/lib/interrupts_64.o
  CC      spl/common/cli.o
  CC      spl/arch/arm/mach-imx/spl_imx_romapi.o
  CC      spl/common/dfu.o
  CC      spl/lib/libfdt/fdt_sw.o
  AR      spl/drivers/bus/built-in.o
  AR      spl/dts/built-in.o
  CC      spl/arch/arm/cpu/armv8/sha1_ce_glue.o
  AS      spl/arch/arm/cpu/armv8/sha1_ce_core.o
  AR      spl/board/variscite/imx8mp_var_dart/built-in.o
  CC      spl/arch/arm/lib/reset.o
  CC      spl/lib/libfdt/fdt_rw.o
  CC      spl/arch/arm/mach-imx/romapi.o
  AR      spl/drivers/clk/analogbits/built-in.o
  CC      spl/common/command.o
  AR      spl/drivers/clk/tegra/built-in.o
  CC      spl/common/s_record.o
  CC      spl/drivers/clk/imx/clk-gate2.o
  AR      spl/drivers/clk/ti/built-in.o
  CC      spl/arch/arm/cpu/armv8/sha256_ce_glue.o
  CC      spl/common/xyzModem.o
  CC      spl/drivers/clk/clk-uclass.o
  CC      spl/arch/arm/lib/cache.o
  CC      spl/lib/libfdt/fdt_empty_tree.o
  CC      spl/drivers/clk/imx/clk-pllv3.o
  AR      spl/arch/arm/mach-imx/built-in.o
  CC      spl/drivers/clk/clk_fixed_rate.o
  AS      spl/arch/arm/cpu/armv8/sha256_ce_core.o
  CC      spl/lib/libfdt/fdt_addresses.o
  CC      spl/drivers/core/device.o
  AR      spl/common/built-in.o
  CC      spl/arch/arm/lib/psci-dt.o
  CC      spl/drivers/core/fdtaddr.o
  AS      spl/arch/arm/cpu/armv8/start.o
  CC      spl/drivers/clk/imx/clk-pfd.o
  AR      spl/drivers/crypto/aspeed/built-in.o
  CC      spl/lib/libfdt/fdt_overlay.o
  AR      spl/arch/arm/lib/lib.a
  CC      spl/drivers/gpio/gpio-uclass.o
  CC      spl/drivers/ddr/imx/imx8m/ddr_init.o
  CC      spl/drivers/gpio/mxc_gpio.o
  CC      spl/drivers/ddr/imx/imx8m/../phy/helper.o
  CC      spl/drivers/core/lists.o
  CC      spl/drivers/crypto/fsl/sec.o
  AR      spl/arch/arm/cpu/armv8/built-in.o
  CC      spl/drivers/clk/imx/clk-imx8mp.o
  AS      spl/arch/arm/lib/crt0_aarch64_efi.o
  CC      spl/drivers/i2c/i2c_core.o
  AR      spl/lib/libfdt/built-in.o
  CC      spl/drivers/i2c/mxc_i2c.o
  CC      spl/drivers/crypto/fsl/jr.o
  CC      spl/drivers/ddr/imx/imx8m/../phy/ddrphy_utils.o
  CC      spl/drivers/core/root.o
  AR      spl/drivers/gpio/built-in.o
  CC      spl/drivers/clk/imx/clk-pll14xx.o
  CC      spl/arch/arm/lib/reloc_aarch64_efi.o
  CC      spl/drivers/core/uclass.o
  CC      spl/drivers/ddr/imx/imx8m/../phy/ddrphy_train.o
  AR      spl/drivers/i2c/built-in.o
  AR      spl/arch/arm/lib/built-in.o
  CC      spl/fs/fs_internal.o
  CC      spl/drivers/misc/misc-uclass.o
  CC      spl/drivers/crypto/fsl/fsl_hash.o
  AR      spl/lib/rsa/built-in.o
  AR      spl/drivers/crypto/hash/built-in.o
  CC      spl/drivers/clk/imx/clk-composite-8m.o
  CC      spl/drivers/misc/mxc_ocotp.o
  CC      spl/drivers/core/util.o
  COPY    spl/u-boot-spl.dtb
  CC      spl/lib/hash-checksum.o
  CC      spl/drivers/ddr/imx/imx8m/../phy/ddrphy_csr.o
  AR      spl/fs/built-in.o
  CC      spl/lib/sha1.o
  CC      spl/drivers/core/tag.o
  CC      spl/drivers/crypto/fsl/jobdesc.o
  AR      spl/drivers/crypto/nuvoton/built-in.o
  AR      spl/drivers/misc/built-in.o
  AR      spl/drivers/clk/imx/built-in.o
  CC      spl/lib/sha256.o
  CC      spl/drivers/crypto/rsa_mod_exp/mod_exp_uclass.o
  CC      spl/lib/sha512.o
  CC      spl/lib/fdtdec_common.o
  AR      spl/drivers/ddr/imx/imx8m/../phy/built-in.o
  CC      spl/drivers/core/simple-bus.o
  CC      spl/drivers/clk/clk_fixed_factor.o
  CC      spl/drivers/crypto/fsl/error.o
  CC      spl/drivers/clk/clk.o
  CC      spl/drivers/clk/clk-divider.o
  AR      spl/drivers/mtd/built-in.o
  CC      spl/drivers/crypto/fsl/fsl_blob.o
  AR      spl/drivers/ddr/imx/imx8m/built-in.o
  AR      spl/drivers/crypto/rsa_mod_exp/built-in.o
  CC      spl/drivers/crypto/fsl/fsl_rsa.o
  CC      spl/lib/fdtdec.o
  CC      spl/drivers/core/dump.o
  CC      spl/drivers/clk/clk-mux.o
  CC      spl/drivers/clk/clk-gate.o
  CC      spl/drivers/serial/serial.o
  AR      spl/drivers/soc/built-in.o
  AR      spl/drivers/pinctrl/broadcom/built-in.o
  AR      spl/drivers/crypto/fsl/built-in.o
  CC      spl/drivers/power/pmic/pmic_pca9450.o
  AR      spl/drivers/power/regulator/built-in.o
  CC      spl/drivers/pinctrl/nxp/pinctrl-imx.o
  CC      spl/drivers/core/of_extra.o
  CC      spl/lib/crc16-ccitt.o
  CC      spl/drivers/pinctrl/nxp/pinctrl-imx8m.o
  CC      spl/drivers/pinctrl/pinctrl-uclass.o
  CC      spl/drivers/clk/clk-fixed-factor.o
  CC      spl/drivers/pinctrl/pinctrl-generic.o
  CC      spl/drivers/serial/serial_mxc.o
  AR      spl/drivers/crypto/built-in.o
  CC      spl/drivers/watchdog/wdt-uclass.o
  AR      spl/drivers/power/pmic/built-in.o
  CC      spl/lib/net_utils.o
  CC      spl/drivers/clk/clk-composite.o
  CC      spl/drivers/core/ofnode.o
  AR      spl/drivers/pinctrl/nxp/built-in.o
  CC      spl/drivers/core/read_extra.o
  CC      spl/drivers/power/power_core.o
  AR      spl/drivers/serial/built-in.o
  CC      spl/drivers/power/power_i2c.o
  CC      spl/lib/qsort.o
  AR      spl/drivers/watchdog/built-in.o
  CC      spl/lib/errno.o
  CC      spl/lib/hashtable.o
  AR      spl/drivers/pinctrl/built-in.o
  AR      spl/drivers/clk/built-in.o
  CC      spl/lib/display_options.o
  CC      spl/lib/crc32.o
  AR      spl/drivers/core/built-in.o
  CC      spl/lib/ctype.o
  AR      spl/drivers/power/built-in.o
  CC      spl/lib/div64.o
  CC      spl/lib/hang.o
  CC      spl/lib/linux_compat.o
  CC      spl/lib/linux_string.o
  CC      spl/lib/lmb.o
  CC      spl/lib/membuff.o
  CC      spl/lib/slre.o
  CC      spl/lib/string.o
  CC      spl/lib/tables_csum.o
  CC      spl/lib/time.o
  CC      spl/lib/hexdump.o
  AR      spl/drivers/built-in.o
  CC      spl/lib/uuid.o
  CC      spl/lib/rand.o
  CC      spl/lib/panic.o
  CC      spl/lib/tiny-printf.o
  CC      spl/lib/strto.o
  CC      spl/lib/abuf.o
  CC      spl/lib/date.o
  CC      spl/lib/rtc-lib.o
  CC      spl/lib/elf.o
  AR      spl/lib/built-in.o
  AR      spl/common/spl/built-in.o
  LD      spl/u-boot-spl
  OBJCOPY spl/u-boot-spl-nodtb.bin
  SYM     spl/u-boot-spl.sym
  CAT     spl/u-boot-spl-dtb.bin
  COPY    spl/u-boot-spl.bin
  CFGS    spl/u-boot-spl.cfgout
  OFCHK   .config
[2026-10-06 15:27:38] U-Boot built
[2026-10-06 15:27:38] Downloading DDR firmware...

     0K .......... .......... .......... .......... ..........  3%  540K 3s
    50K .......... .......... .......... .......... ..........  6%  641K 2s
   100K .......... .......... .......... .......... .......... 10%  816K 2s
   150K .......... .......... .......... .......... .......... 13% 1.54M 2s
   200K .......... .......... .......... .......... .......... 16% 1.49M 1s
   250K .......... .......... .......... .......... .......... 20% 1.02M 1s
   300K .......... .......... .......... .......... .......... 23% 1.75M 1s
   350K .......... .......... .......... .......... .......... 27% 1.21M 1s
   400K .......... .......... .......... .......... .......... 30% 1.91M 1s
   450K .......... .......... .......... .......... .......... 33% 1.10M 1s
   500K .......... .......... .......... .......... .......... 37% 1.05M 1s
   550K .......... .......... .......... .......... .......... 40% 2.29M 1s
   600K .......... .......... .......... .......... .......... 43% 1.22M 1s
   650K .......... .......... .......... .......... .......... 47%  896K 1s
   700K .......... .......... .......... .......... .......... 50% 1.73M 1s
   750K .......... .......... .......... .......... .......... 54% 1.48M 1s
   800K .......... .......... .......... .......... .......... 57% 1.14M 1s
   850K .......... .......... .......... .......... .......... 60% 1.21M 1s
   900K .......... .......... .......... .......... .......... 64% 1.11M 0s
   950K .......... .......... .......... .......... .......... 67% 2.25M 0s
  1000K .......... .......... .......... .......... .......... 71%  953K 0s
  1050K .......... .......... .......... .......... .......... 74%  937K 0s
  1100K .......... .......... .......... .......... .......... 77% 1.53M 0s
  1150K .......... .......... .......... .......... .......... 81%  962K 0s
  1200K .......... .......... .......... .......... .......... 84% 1.71M 0s
  1250K .......... .......... .......... .......... .......... 87% 1.45M 0s
  1300K .......... .......... .......... .......... .......... 91% 1.02M 0s
  1350K .......... .......... .......... .......... .......... 94%  529K 0s
  1400K .......... .......... .......... .......... .......... 98%  803K 0s
  1450K .......... .......... .......                         100%  540K=1.4sWelcome to NXP firmware-imx-8.18.bin

WARNING: EULA has been auto-accepted; this implies that you agree with it.
Unpacking file ................................................................................ done
[2026-10-06 15:27:41] DDR firmware ready
[2026-10-06 15:27:41] Cloning https://github.com/varigit/imx-atf.git → /home/ellenhsiao/build-target/imx-boot-tools/imx-atf
Cloning into '/home/ellenhsiao/build-target/imx-boot-tools/imx-atf'...
[2026-10-06 15:28:21] Cloning https://github.com/varigit/meta-variscite-bsp.git → /home/ellenhsiao/build-target/imx-boot-tools/meta-variscite-bsp
Cloning into '/home/ellenhsiao/build-target/imx-boot-tools/meta-variscite-bsp'...
[2026-10-06 15:28:22] Cloning https://github.com/nxp-imx/imx-mkimage.git → /home/ellenhsiao/build-target/imx-boot-tools/imx-mkimage
Cloning into '/home/ellenhsiao/build-target/imx-boot-tools/imx-mkimage'...
[2026-10-06 15:28:24] Applying 0001-iMX8M-soc-allow-dtb-override.patch
[2026-10-06 15:28:24] Applying 0002-iMX8M-soc-change-padding-of-DDR4-and-LPDDR4-DMEM-fir.patch
  CC      bl31/bl31_context_mgmt.c
  CC      bl31/bl31_main.c
  CC      bl31/interrupt_mgmt.c
  CC      common/runtime_svc.c
  CC      drivers/arm/gic/v3/arm_gicv3_common.c
  CC      drivers/arm/gic/v3/gic-x00.c
  CC      drivers/arm/gic/v3/gicdv3_helpers.c
  CC      drivers/arm/gic/v3/gicrv3_helpers.c
  CC      drivers/arm/gic/v3/gicv3_helpers.c
  CC      drivers/arm/gic/v3/gicv3_main.c
  CC      drivers/arm/tzc/tzc380.c
  CC      drivers/delay_timer/delay_timer.c
  CC      drivers/delay_timer/generic_delay_timer.c
  CC      lib/cpus/errata_report.c
  CC      lib/el3_runtime/aarch64/context_mgmt.c
  CC      lib/el3_runtime/cpu_data_array.c
  CC      lib/extensions/spe/spe.c
  CC      lib/extensions/sve/sve.c
  CC      lib/locks/bakery/bakery_lock_coherent.c
  CC      lib/psci/psci_common.c
  CC      lib/psci/psci_main.c
  CC      lib/psci/psci_mem_protect.c
  CC      lib/psci/psci_off.c
  CC      lib/psci/psci_on.c
  CC      lib/psci/psci_setup.c
  CC      lib/psci/psci_suspend.c
  CC      lib/psci/psci_system_off.c
  CC      lib/xlat_tables_v2/aarch64/xlat_tables_arch.c
  CC      lib/xlat_tables_v2/xlat_tables_context.c
  CC      lib/xlat_tables_v2/xlat_tables_core.c
  CC      lib/xlat_tables_v2/xlat_tables_utils.c
  CC      plat/common/plat_gicv3.c
  CC      plat/common/plat_psci_common.c
  CC      plat/imx/common/imx8_topology.c
  CC      plat/imx/common/imx_sip_handler.c
  CC      plat/imx/common/imx_sip_svc.c
  CC      plat/imx/common/plat_imx8_gic.c
  CC      plat/imx/imx8m/ddr/clock.c
  CC      plat/imx/imx8m/ddr/ddr4_dvfs.c
  CC      plat/imx/imx8m/ddr/dram.c
  CC      plat/imx/imx8m/ddr/dram_retention.c
  CC      plat/imx/imx8m/ddr/lpddr4_dvfs.c
  CC      plat/imx/imx8m/gpc_common.c
  CC      plat/imx/imx8m/imx8m_caam.c
  CC      plat/imx/imx8m/imx8m_csu.c
  CC      plat/imx/imx8m/imx8m_psci_common.c
  CC      plat/imx/imx8m/imx8m_snvs.c
  CC      plat/imx/imx8m/imx8mp/gpc.c
  CC      plat/imx/imx8m/imx8mp/imx8mp_bl31_setup.c
  CC      plat/imx/imx8m/imx8mp/imx8mp_psci.c
  CC      plat/imx/imx8m/imx_aipstz.c
  CC      plat/imx/imx8m/imx_hab.c
  CC      plat/imx/imx8m/imx_rdc.c
  CC      services/arm_arch_svc/arm_arch_svc_setup.c
  CC      services/std_svc/std_svc_setup.c
  CC      common/bl_common.c
  CC      common/tf_log.c
  CC      drivers/console/multi_console.c
  CC      plat/common/plat_bl_common.c
  CC      plat/common/plat_log_common.c
  CC      plat/common/aarch64/plat_common.c
  CC      lib/compiler-rt/builtins/popcountdi2.c
  CC      lib/compiler-rt/builtins/popcountsi2.c
  AS      bl31/aarch64/bl31_entrypoint.S
  AS      bl31/aarch64/crash_reporting.S
  AS      bl31/aarch64/ea_delegate.S
  AS      bl31/aarch64/runtime_exceptions.S
  AS      lib/cpus/aarch64/cortex_a53.S
  AS      lib/cpus/aarch64/cpu_helpers.S
  AS      lib/cpus/aarch64/dsu_helpers.S
  AS      lib/cpus/aarch64/wa_cve_2017_5715_bpiall.S
  AS      lib/cpus/aarch64/wa_cve_2017_5715_mmu.S
  AS      lib/el3_runtime/aarch64/context.S
  AS      lib/el3_runtime/aarch64/cpu_data.S
  AS      lib/locks/exclusive/aarch64/spinlock.S
  AS      lib/psci/aarch64/psci_helpers.S
  AS      lib/xlat_tables_v2/aarch64/enable_mmu.S
  AS      plat/common/aarch64/platform_mp_stack.S
  AS      plat/imx/common/imx8_helpers.S
  AS      plat/imx/common/imx_uart_console.S
  AS      common/aarch64/debug.S
  AS      lib/aarch64/cache_helpers.S
  AS      lib/aarch64/misc_helpers.S
  AS      plat/common/aarch64/platform_helpers.S
  PP      bl31/bl31.ld.S
  CC      lib/libc/abort.c
  CC      lib/libc/assert.c
  CC      lib/libc/exit.c
  CC      lib/libc/memchr.c
  CC      lib/libc/memcmp.c
  CC      lib/libc/memcpy.c
  CC      lib/libc/memmove.c
  CC      lib/libc/memrchr.c
  CC      lib/libc/memset.c
  CC      lib/libc/printf.c
  CC      lib/libc/putchar.c
  CC      lib/libc/puts.c
  CC      lib/libc/snprintf.c
  CC      lib/libc/strchr.c
  CC      lib/libc/strcmp.c
  CC      lib/libc/strlcat.c
  CC      lib/libc/strlcpy.c
  CC      lib/libc/strlen.c
  CC      lib/libc/strncmp.c
  CC      lib/libc/strnlen.c
  CC      lib/libc/strrchr.c
  CC      lib/libc/strtok.c
  CC      lib/libc/strtoul.c
  CC      lib/libc/strtoll.c
  CC      lib/libc/strtoull.c
  CC      lib/libc/strtol.c
  AS      lib/libc/aarch64/setjmp.S
  AR      /home/ellenhsiao/build-target/imx-boot-tools/imx-atf/build/imx8mp/release/lib/libc.a
  LD      /home/ellenhsiao/build-target/imx-boot-tools/imx-atf/build/imx8mp/release/bl31/bl31.elf
  BIN     /home/ellenhsiao/build-target/imx-boot-tools/imx-atf/build/imx8mp/release/bl31.bin
  OD      /home/ellenhsiao/build-target/imx-boot-tools/imx-atf/build/imx8mp/release/bl31/bl31.dump

Built /home/ellenhsiao/build-target/imx-boot-tools/imx-atf/build/imx8mp/release/bl31.bin successfully

[2026-10-06 15:28:25] ATF (bl31.bin) ready
[2026-10-06 15:28:25] Preparing i.MX mkimage environment...
[2026-10-06 15:28:25] i.MX mkimage environment prepared (files are in /home/ellenhsiao/build-target/imx-boot-tools/imx-mkimage/iMX8M)
[2026-10-06 15:28:25] Building boot image...
make: Entering directory '/home/ellenhsiao/build-target/imx-boot-tools/imx-mkimage/iMX8M'
make: *** No rule to make target 'clean'.  Stop.
make: Leaving directory '/home/ellenhsiao/build-target/imx-boot-tools/imx-mkimage/iMX8M'
[2026-10-06 15:28:25] Running: make SOC=iMX8MP flash_evk
Compiling mkimage_imx8
PLAT=imx8mp HDMI=no
Compiling mkimage_imx8
cc -O2 -Wall -std=c99 -static ../iMX8M/mkimage_imx8.c -o mkimage_imx8  -lz
../iMX8M/mkimage_imx8.c: In function ‘copy_file.constprop’:
../iMX8M/mkimage_imx8.c:345:21: warning: ‘write’ reading 5 bytes from a region of size 4 [-Wstringop-overread]
  345 |                 if (write(ifd, (char *)&zero, 4-tail) != 4-tail) {
      |                     ^~~~~~~~~~~~~~~~~~~~~~~~~~~~~~~~~
../iMX8M/mkimage_imx8.c:303:13: note: source object ‘zero’ of size 4
  303 |         int zero = 0;
      |             ^~~~
In file included from ../iMX8M/mkimage_imx8.c:24:
/usr/include/unistd.h:378:16: note: in a call to function ‘write’ declared with attribute ‘access (read_only, 2, 3)’
  378 | extern ssize_t write (int __fd, const void *__buf, size_t __n) __wur
      |                ^~~~~
29443+0 records in
29443+0 records out
117772 bytes (118 kB, 115 KiB) copied, 0.0707579 s, 1.7 MB/s
./../scripts/pad_image.sh tee.bin
ERROR: ./../scripts/pad_image.sh: Could not find file tee.bin. Exiting.
./../scripts/pad_image.sh bl31.bin
./../scripts/pad_image.sh u-boot-nodtb.bin imx8mp-var-dart-dt8mcustomboard.dtb imx8mp-var-som-symphony.dtb 
Padding imx8mp-var-som-symphony.dtb to 50616 bytes
BL32=tee.bin DEK_BLOB_LOAD_ADDR=0x40400000 TEE_LOAD_ADDR=0x56000000 ATF_LOAD_ADDR=0x00970000 ../iMX8M/mkimage_fit_atf.sh imx8mp-var-dart-dt8mcustomboard.dtb imx8mp-var-som-symphony.dtb  > u-boot.its
bl31.bin size: 
43328
u-boot-nodtb.bin size: 
954200
imx8mp-var-dart-dt8mcustomboard.dtb size: 
50384
imx8mp-var-som-symphony.dtb size: 
50616
./mkimage_uboot -E -p 0x5000 -f u-boot.its u-boot.itb
FIT description: Configuration to load ATF before U-Boot
Created:         Tue Oct  6 15:28:26 2026
 Image 0 (uboot-1)
  Description:  U-Boot (64-bit)
  Created:      Tue Oct  6 15:28:26 2026
  Type:         Standalone Program
  Compression:  uncompressed
  Data Size:    954200 Bytes = 931.84 KiB = 0.91 MiB
  Architecture: AArch64
  Load Address: 0x40200000
  Entry Point:  unavailable
 Image 1 (fdt-1)
  Description:  imx8mp-var-dart-dt8mcustomboard
  Created:      Tue Oct  6 15:28:26 2026
  Type:         Flat Device Tree
  Compression:  uncompressed
  Data Size:    50384 Bytes = 49.20 KiB = 0.05 MiB
  Architecture: Unknown Architecture
 Image 2 (fdt-2)
  Description:  imx8mp-var-som-symphony
  Created:      Tue Oct  6 15:28:26 2026
  Type:         Flat Device Tree
  Compression:  uncompressed
  Data Size:    50616 Bytes = 49.43 KiB = 0.05 MiB
  Architecture: Unknown Architecture
 Image 3 (atf-1)
  Description:  ARM Trusted Firmware
  Created:      Tue Oct  6 15:28:26 2026
  Type:         Firmware
  Compression:  uncompressed
  Data Size:    43328 Bytes = 42.31 KiB = 0.04 MiB
  Architecture: AArch64
  OS:           Unknown OS
  Load Address: 0x00970000
 Default Configuration: 'config-1'
 Configuration 0 (config-1)
  Description:  imx8mp-var-dart-dt8mcustomboard
  Kernel:       unavailable
  Firmware:     uboot-1
  FDT:          fdt-1
  Loadables:    atf-1
 Configuration 1 (config-2)
  Description:  imx8mp-var-som-symphony
  Kernel:       unavailable
  Firmware:     uboot-1
  FDT:          fdt-2
  Loadables:    atf-1
./mkimage_imx8 -version v2 -fit -loader u-boot-spl-ddr.bin 0x920000 -second_loader u-boot.itb 0x40200000 0x60000 -out flash.bin
Platform:	i.MX8M (mScale)
ROM VERSION:	v2
Using FIT image
LOADER IMAGE:	u-boot-spl-ddr.bin start addr: 0x00920000
SECOND LOADER IMAGE:	u-boot.itb start addr: 0x40200000 offset: 0x00060000
Output:		flash.bin
fit_size: 1184
1+0 records in
1+0 records out
1184 bytes (1.2 kB, 1.2 KiB) copied, 0.000145967 s, 8.1 MB/s
FIT hash: 38175c5c37794f73f41c89d34eed7a5a51db08a5caa743e5f232562725d995
========= IVT HEADER [HDMI FW] =========
header.tag: 		0x0
header.length: 		0x0
header.version: 	0x0
entry: 			0x0
reserved1: 		0x0
dcd_ptr: 		0x0
boot_data_ptr: 		0x0
self: 			0x0
csf: 			0x0
reserved2: 		0x0
boot_data.start: 	0x0
boot_data.size: 	0x0
boot_data.plugin: 	0x0
========= IVT HEADER [PLUGIN] =========
header.tag: 		0x0
header.length: 		0x0
header.version: 	0x0
entry: 			0x0
reserved1: 		0x0
dcd_ptr: 		0x0
boot_data_ptr: 		0x0
self: 			0x0
csf: 			0x0
reserved2: 		0x0
boot_data.start: 	0x0
boot_data.size: 	0x0
boot_data.plugin: 	0x0
========= IVT HEADER [LOADER IMAGE] =========
header.tag: 		0xd1
header.length: 		0x2000
header.version: 	0x41
entry: 			0x920000
reserved1: 		0x0
dcd_ptr: 		0x0
boot_data_ptr: 		0x91ffe0
self: 			0x91ffc0
csf: 			0x94edc0
reserved2: 		0x0
boot_data.start: 	0x91ffc0
boot_data.size: 	0x30e60
boot_data.plugin: 	0x0
========= OFFSET dump =========
Loader IMAGE:
 header_image_off 	0x0
 dcd_off 		0x0
 image_off 		0x40
 csf_off 		0x2ee00
 spl hab block: 	0x91ffc0 0x0 0x2ee00

Second Loader IMAGE:
 sld_header_off 	0x58000
 sld_csf_off 		0x59020
 sld hab block: 	0x401fadc0 0x58000 0x1020
 fit-fdt csf_off 	0x5b020
 fit-fdt hab block: 	0x401fadc0 0x58000 0x3020
SPL CSF block:
	Blocks = 	0x91ffc0 0x0 0x2ee00 "flash.bin"
SLD CSF block:
	Blocks = 	0x401fadc0 0x58000 0x1020 "flash.bin",\
SLD FIT-FDT CSF block:
	Blocks = 	0x401fadc0 0x58000 0x3020 "flash.bin"
[2026-10-06 15:28:26] Boot image ready: /home/ellenhsiao/build-target/imx-boot-tools/imx-boot-sd.bin
[2026-10-06 15:28:26] No device given – skipping flash
[2026-10-06 15:28:26] Done.
